province,track,score,percentile,rank,reach_tier,severity,code,message,schools,majors
上海,物理类,519,93.37,2063,双一流,ERROR,MODEL_SEGMENT_HIGH,高分段使用模型估算一分一段，位次不可用于填报,北京邮电大学 | 南京航空航天大学 | 南京理工大学 | 西安电子科技大学 | 北京交通大学,护理学 | 集成电路设计与集成系统 | 网络空间安全 | 机器人工程 | 人工智能
上海,物理类,544,98.41,508,211,ERROR,MODEL_SEGMENT_HIGH,高分段使用模型估算一分一段，位次不可用于填报,哈尔滨工业大学 | 西安交通大学 | 北京航空航天大学 | 同济大学 | 华中科技大学,护理学 | 集成电路设计与集成系统 | 网络空间安全 | 机器人工程 | 人工智能
上海,物理类,569,99.38,190,985,ERROR,MODEL_SEGMENT_HIGH,高分段使用模型估算一分一段，位次不可用于填报,清华大学 | 北京大学 | 复旦大学 | 上海交通大学 | 浙江大学,护理学 | 集成电路设计与集成系统 | 网络空间安全 | 机器人工程 | 人工智能
上海,物理类,594,99.68,97,C9,ERROR,MODEL_SEGMENT_HIGH,高分段使用模型估算一分一段，位次不可用于填报,清华大学 | 北京大学 | 复旦大学 | 上海交通大学 | 浙江大学,护理学 | 集成电路设计与集成系统 | 网络空间安全 | 机器人工程 | 人工智能
上海,物理类,600,99.72,84,C9,ERROR,MODEL_SEGMENT_HIGH,高分段使用模型估算一分一段，位次不可用于填报,清华大学 | 北京大学 | 复旦大学 | 上海交通大学 | 浙江大学,护理学 | 集成电路设计与集成系统 | 网络空间安全 | 机器人工程 | 人工智能
上海,物理类,619,99.85,46,C9,ERROR,MODEL_SEGMENT_HIGH,高分段使用模型估算一分一段，位次不可用于填报,清华大学 | 北京大学 | 复旦大学 | 上海交通大学 | 浙江大学,护理学 | 集成电路设计与集成系统 | 网络空间安全 | 机器人工程 | 人工智能
上海,物理类,644,99.94,18,C9,ERROR,MODEL_SEGMENT_HIGH,高分段使用模型估算一分一段，位次不可用于填报,清华大学 | 北京大学 | 复旦大学 | 上海交通大学 | 浙江大学,护理学 | 集成电路设计与集成系统 | 网络空间安全 | 机器人工程 | 人工智能
上海,物理类,660,100.0,2,C9,ERROR,MODEL_SEGMENT_HIGH,高分段使用模型估算一分一段，位次不可用于填报,清华大学 | 北京大学 | 复旦大学 | 上海交通大学 | 浙江大学,护理学 | 集成电路设计与集成系统 | 网络空间安全 | 机器人工程 | 人工智能
上海,历史类,519,93.73,876,双一流,ERROR,MODEL_SEGMENT_HIGH,高分段使用模型估算一分一段，位次不可用于填报,北京邮电大学 | 南京航空航天大学 | 南京理工大学 | 西安电子科技大学 | 北京交通大学,电子商务 | 护理学 | 会计学 | 国际税收 | 金融审计
上海,历史类,544,98.52,206,985,ERROR,MODEL_SEGMENT_HIGH,高分段使用模型估算一分一段，位次不可用于填报,清华大学 | 北京大学 | 复旦大学 | 上海交通大学 | 浙江大学,电子商务 | 护理学 | 会计学 | 国际税收 | 金融审计
上海,历史类,569,99.25,104,985,ERROR,MODEL_SEGMENT_HIGH,高分段使用模型估算一分一段，位次不可用于填报,清华大学 | 北京大学 | 复旦大学 | 上海交通大学 | 浙江大学,电子商务 | 护理学 | 会计学 | 国际税收 | 金融审计
上海,历史类,594,99.5,68,C9,ERROR,MODEL_SEGMENT_HIGH,高分段使用模型估算一分一段，位次不可用于填报,清华大学 | 北京大学 | 复旦大学 | 上海交通大学 | 浙江大学,电子商务 | 护理学 | 会计学 | 国际税收 | 金融审计
上海,历史类,600,99.54,62,C9,ERROR,MODEL_SEGMENT_HIGH,高分段使用模型估算一分一段，位次不可用于填报,清华大学 | 北京大学 | 复旦大学 | 上海交通大学 | 浙江大学,电子商务 | 护理学 | 会计学 | 国际税收 | 金融审计
上海,历史类,619,99.69,43,C9,ERROR,MODEL_SEGMENT_HIGH,高分段使用模型估算一分一段，位次不可用于填报,清华大学 | 北京大学 | 复旦大学 | 上海交通大学 | 浙江大学,电子商务 | 护理学 | 会计学 | 国际税收 | 金融审计
上海,历史类,644,99.87,18,C9,ERROR,MODEL_SEGMENT_HIGH,高分段使用模型估算一分一段，位次不可用于填报,清华大学 | 北京大学 | 复旦大学 | 上海交通大学 | 浙江大学,电子商务 | 护理学 | 会计学 | 国际税收 | 金融审计
上海,历史类,660,99.99,2,C9,ERROR,MODEL_SEGMENT_HIGH,高分段使用模型估算一分一段，位次不可用于填报,清华大学 | 北京大学 | 复旦大学 | 上海交通大学 | 浙江大学,电子商务 | 护理学 | 会计学 | 国际税收 | 金融审计
云南,物理类,549,90.98,17952,一本,ERROR,MODEL_SEGMENT_HIGH,高分段使用模型估算一分一段，位次不可用于填报,深圳大学 | 南方科技大学 | 西湖大学 | 宁波大学 | 首都师范大学,护理学 | 网络空间安全 | 机器人工程 | 临床医学 | 数据科学与大数据技术
云南,物理类,574,94.92,10133,双一流,ERROR,MODEL_SEGMENT_HIGH,高分段使用模型估算一分一段，位次不可用于填报,北京邮电大学 | 南京航空航天大学 | 南京理工大学 | 西安电子科技大学 | 北京交通大学,护理学 | 集成电路设计与集成系统 | 网络空间安全 | 机器人工程 | 人工智能
云南,物理类,599,97.31,5374,211,ERROR,MODEL_SEGMENT_HIGH,高分段使用模型估算一分一段，位次不可用于填报,哈尔滨工业大学 | 西安交通大学 | 北京航空航天大学 | 同济大学 | 华中科技大学,护理学 | 集成电路设计与集成系统 | 网络空间安全 | 机器人工程 | 人工智能
云南,物理类,600,97.38,5235,211,ERROR,MODEL_SEGMENT_HIGH,高分段使用模型估算一分一段，位次不可用于填报,哈尔滨工业大学 | 西安交通大学 | 北京航空航天大学 | 同济大学 | 华中科技大学,护理学 | 集成电路设计与集成系统 | 网络空间安全 | 机器人工程 | 人工智能
云南,物理类,619,98.38,3226,211,ERROR,MODEL_SEGMENT_HIGH,高分段使用模型估算一分一段，位次不可用于填报,哈尔滨工业大学 | 西安交通大学 | 北京航空航天大学 | 同济大学 | 华中科技大学,护理学 | 集成电路设计与集成系统 | 网络空间安全 | 机器人工程 | 人工智能
云南,物理类,624,98.57,2852,985,ERROR,MODEL_SEGMENT_HIGH,高分段使用模型估算一分一段，位次不可用于填报,清华大学 | 北京大学 | 复旦大学 | 上海交通大学 | 浙江大学,护理学 | 集成电路设计与集成系统 | 网络空间安全 | 机器人工程 | 人工智能
云南,物理类,649,99.18,1631,985,ERROR,MODEL_SEGMENT_HIGH,高分段使用模型估算一分一段，位次不可用于填报,清华大学 | 北京大学 | 复旦大学 | 上海交通大学 | 浙江大学,护理学 | 集成电路设计与集成系统 | 网络空间安全 | 机器人工程 | 人工智能
云南,物理类,674,99.49,1019,985,ERROR,MODEL_SEGMENT_HIGH,高分段使用模型估算一分一段，位次不可用于填报,清华大学 | 北京大学 | 复旦大学 | 上海交通大学 | 浙江大学,护理学 | 集成电路设计与集成系统 | 网络空间安全 | 机器人工程 | 人工智能
云南,物理类,697,99.66,670,C9,ERROR,MODEL_SEGMENT_HIGH,高分段使用模型估算一分一段，位次不可用于填报,清华大学 | 北京大学 | 复旦大学 | 上海交通大学 | 浙江大学,护理学 | 集成电路设计与集成系统 | 网络空间安全 | 机器人工程 | 人工智能
云南,物理类,699,99.68,643,C9,ERROR,MODEL_SEGMENT_HIGH,高分段使用模型估算一分一段，位次不可用于填报,清华大学 | 北京大学 | 复旦大学 | 上海交通大学 | 浙江大学,护理学 | 集成电路设计与集成系统 | 网络空间安全 | 机器人工程 | 人工智能
云南,物理类,724,99.83,336,C9,ERROR,MODEL_SEGMENT_HIGH,高分段使用模型估算一分一段，位次不可用于填报,清华大学 | 北京大学 | 复旦大学 | 上海交通大学 | 浙江大学,护理学 | 集成电路设计与集成系统 | 网络空间安全 | 机器人工程 | 人工智能
云南,物理类,749,99.98,36,C9,ERROR,MODEL_SEGMENT_HIGH,高分段使用模型估算一分一段，位次不可用于填报,清华大学 | 北京大学 | 复旦大学 | 上海交通大学 | 浙江大学,护理学 | 集成电路设计与集成系统 | 网络空间安全 | 机器人工程 | 人工智能
云南,物理类,750,99.99,24,C9,ERROR,MODEL_SEGMENT_HIGH,高分段使用模型估算一分一段，位次不可用于填报,清华大学 | 北京大学 | 复旦大学 | 上海交通大学 | 浙江大学,护理学 | 集成电路设计与集成系统 | 网络空间安全 | 机器人工程 | 人工智能
云南,历史类,549,91.73,7395,一本,ERROR,MODEL_SEGMENT_HIGH,高分段使用模型估算一分一段，位次不可用于填报,深圳大学 | 南方科技大学 | 西湖大学 | 宁波大学 | 首都师范大学,电子商务 | 护理学 | 会计学 | 国际税收 | 金融审计
云南,历史类,574,95.37,4155,双一流,ERROR,MODEL_SEGMENT_HIGH,高分段使用模型估算一分一段，位次不可用于填报,北京邮电大学 | 南京航空航天大学 | 南京理工大学 | 西安电子科技大学 | 北京交通大学,电子商务 | 护理学 | 会计学 | 国际税收 | 金融审计
云南,历史类,599,97.55,2204,211,ERROR,MODEL_SEGMENT_HIGH,高分段使用模型估算一分一段，位次不可用于填报,哈尔滨工业大学 | 西安交通大学 | 北京航空航天大学 | 同济大学 | 华中科技大学,电子商务 | 护理学 | 会计学 | 国际税收 | 金融审计
云南,历史类,600,97.61,2147,211,ERROR,MODEL_SEGMENT_HIGH,高分段使用模型估算一分一段，位次不可用于填报,哈尔滨工业大学 | 西安交通大学 | 北京航空航天大学 | 同济大学 | 华中科技大学,电子商务 | 护理学 | 会计学 | 国际税收 | 金融审计
云南,历史类,619,98.53,1326,985,ERROR,MODEL_SEGMENT_HIGH,高分段使用模型估算一分一段，位次不可用于填报,清华大学 | 北京大学 | 复旦大学 | 上海交通大学 | 浙江大学,电子商务 | 护理学 | 会计学 | 国际税收 | 金融审计
云南,历史类,624,98.69,1174,985,ERROR,MODEL_SEGMENT_HIGH,高分段使用模型估算一分一段，位次不可用于填报,清华大学 | 北京大学 | 复旦大学 | 上海交通大学 | 浙江大学,电子商务 | 护理学 | 会计学 | 国际税收 | 金融审计
云南,历史类,649,99.25,676,985,ERROR,MODEL_SEGMENT_HIGH,高分段使用模型估算一分一段，位次不可用于填报,清华大学 | 北京大学 | 复旦大学 | 上海交通大学 | 浙江大学,电子商务 | 护理学 | 会计学 | 国际税收 | 金融审计
云南,历史类,674,99.52,425,C9,ERROR,MODEL_SEGMENT_HIGH,高分段使用模型估算一分一段，位次不可用于填报,清华大学 | 北京大学 | 复旦大学 | 上海交通大学 | 浙江大学,电子商务 | 护理学 | 会计学 | 国际税收 | 金融审计
云南,历史类,697,99.69,278,C9,ERROR,MODEL_SEGMENT_HIGH,高分段使用模型估算一分一段，位次不可用于填报,清华大学 | 北京大学 | 复旦大学 | 上海交通大学 | 浙江大学,电子商务 | 护理学 | 会计学 | 国际税收 | 金融审计
云南,历史类,699,99.7,266,C9,ERROR,MODEL_SEGMENT_HIGH,高分段使用模型估算一分一段，位次不可用于填报,清华大学 | 北京大学 | 复旦大学 | 上海交通大学 | 浙江大学,电子商务 | 护理学 | 会计学 | 国际税收 | 金融审计
云南,历史类,724,99.85,140,C9,ERROR,MODEL_SEGMENT_HIGH,高分段使用模型估算一分一段，位次不可用于填报,清华大学 | 北京大学 | 复旦大学 | 上海交通大学 | 浙江大学,电子商务 | 护理学 | 会计学 | 国际税收 | 金融审计
云南,历史类,749,99.98,15,C9,ERROR,MODEL_SEGMENT_HIGH,高分段使用模型估算一分一段，位次不可用于填报,清华大学 | 北京大学 | 复旦大学 | 上海交通大学 | 浙江大学,电子商务 | 护理学 | 会计学 | 国际税收 | 金融审计
云南,历史类,750,99.99,10,C9,ERROR,MODEL_SEGMENT_HIGH,高分段使用模型估算一分一段，位次不可用于填报,清华大学 | 北京大学 | 复旦大学 | 上海交通大学 | 浙江大学,电子商务 | 护理学 | 会计学 | 国际税收 | 金融审计
天津,物理类,593,93.51,2316,双一流,ERROR,MODEL_SEGMENT_HIGH,高分段使用模型估算一分一段，位次不可用于填报,北京邮电大学 | 南京航空航天大学 | 南京理工大学 | 西安电子科技大学 | 北京交通大学,护理学 | 集成电路设计与集成系统 | 网络空间安全 | 机器人工程 | 人工智能
天津,物理类,600,95.76,1526,双一流,ERROR,MODEL_SEGMENT_HIGH,高分段使用模型估算一分一段，位次不可用于填报,北京邮电大学 | 南京航空航天大学 | 南京理工大学 | 西安电子科技大学 | 北京交通大学,护理学 | 集成电路设计与集成系统 | 网络空间安全 | 机器人工程 | 人工智能
天津,物理类,618,97.9,732,211,ERROR,MODEL_SEGMENT_HIGH,高分段使用模型估算一分一段，位次不可用于填报,哈尔滨工业大学 | 西安交通大学 | 北京航空航天大学 | 同济大学 | 华中科技大学,护理学 | 集成电路设计与集成系统 | 网络空间安全 | 机器人工程 | 人工智能
天津,物理类,619,97.96,710,211,ERROR,MODEL_SEGMENT_HIGH,高分段使用模型估算一分一段，位次不可用于填报,哈尔滨工业大学 | 西安交通大学 | 北京航空航天大学 | 同济大学 | 华中科技大学,护理学 | 集成电路设计与集成系统 | 网络空间安全 | 机器人工程 | 人工智能
天津,物理类,643,98.98,354,985,ERROR,MODEL_SEGMENT_HIGH,高分段使用模型估算一分一段，位次不可用于填报,清华大学 | 北京大学 | 复旦大学 | 上海交通大学 | 浙江大学,护理学 | 集成电路设计与集成系统 | 网络空间安全 | 机器人工程 | 人工智能
天津,物理类,668,99.45,190,985,ERROR,MODEL_SEGMENT_HIGH,高分段使用模型估算一分一段，位次不可用于填报,清华大学 | 北京大学 | 复旦大学 | 上海交通大学 | 浙江大学,护理学 | 集成电路设计与集成系统 | 网络空间安全 | 机器人工程 | 人工智能
天津,物理类,693,99.66,118,C9,ERROR,MODEL_SEGMENT_HIGH,高分段使用模型估算一分一段，位次不可用于填报,清华大学 | 北京大学 | 复旦大学 | 上海交通大学 | 浙江大学,护理学 | 集成电路设计与集成系统 | 网络空间安全 | 机器人工程 | 人工智能
天津,物理类,697,99.68,110,C9,ERROR,MODEL_SEGMENT_HIGH,高分段使用模型估算一分一段，位次不可用于填报,清华大学 | 北京大学 | 复旦大学 | 上海交通大学 | 浙江大学,护理学 | 集成电路设计与集成系统 | 网络空间安全 | 机器人工程 | 人工智能
天津,物理类,718,99.8,68,C9,ERROR,MODEL_SEGMENT_HIGH,高分段使用模型估算一分一段，位次不可用于填报,清华大学 | 北京大学 | 复旦大学 | 上海交通大学 | 浙江大学,护理学 | 集成电路设计与集成系统 | 网络空间安全 | 机器人工程 | 人工智能
天津,物理类,743,99.95,18,C9,ERROR,MODEL_SEGMENT_HIGH,高分段使用模型估算一分一段，位次不可用于填报,清华大学 | 北京大学 | 复旦大学 | 上海交通大学 | 浙江大学,护理学 | 集成电路设计与集成系统 | 网络空间安全 | 机器人工程 | 人工智能
天津,物理类,750,99.99,4,C9,ERROR,MODEL_SEGMENT_HIGH,高分段使用模型估算一分一段，位次不可用于填报,清华大学 | 北京大学 | 复旦大学 | 上海交通大学 | 浙江大学,护理学 | 集成电路设计与集成系统 | 网络空间安全 | 机器人工程 | 人工智能
天津,历史类,593,93.09,1110,双一流,ERROR,MODEL_SEGMENT_HIGH,高分段使用模型估算一分一段，位次不可用于填报,北京邮电大学 | 南京航空航天大学 | 南京理工大学 | 西安电子科技大学 | 北京交通大学,电子商务 | 护理学 | 会计学 | 国际税收 | 金融审计
天津,历史类,600,95.59,709,双一流,ERROR,MODEL_SEGMENT_HIGH,高分段使用模型估算一分一段，位次不可用于填报,北京邮电大学 | 南京航空航天大学 | 南京理工大学 | 西安电子科技大学 | 北京交通大学,电子商务 | 护理学 | 会计学 | 国际税收 | 金融审计
天津,历史类,618,97.73,355,211,ERROR,MODEL_SEGMENT_HIGH,高分段使用模型估算一分一段，位次不可用于填报,哈尔滨工业大学 | 西安交通大学 | 北京航空航天大学 | 同济大学 | 华中科技大学,电子商务 | 护理学 | 会计学 | 国际税收 | 金融审计
天津,历史类,619,97.8,344,211,ERROR,MODEL_SEGMENT_HIGH,高分段使用模型估算一分一段，位次不可用于填报,哈尔滨工业大学 | 西安交通大学 | 北京航空航天大学 | 同济大学 | 华中科技大学,电子商务 | 护理学 | 会计学 | 国际税收 | 金融审计
天津,历史类,643,98.95,164,985,ERROR,MODEL_SEGMENT_HIGH,高分段使用模型估算一分一段，位次不可用于填报,清华大学 | 北京大学 | 复旦大学 | 上海交通大学 | 浙江大学,电子商务 | 护理学 | 会计学 | 国际税收 | 金融审计
天津,历史类,668,99.43,88,985,ERROR,MODEL_SEGMENT_HIGH,高分段使用模型估算一分一段，位次不可用于填报,清华大学 | 北京大学 | 复旦大学 | 上海交通大学 | 浙江大学,电子商务 | 护理学 | 会计学 | 国际税收 | 金融审计
天津,历史类,693,99.62,59,C9,ERROR,MODEL_SEGMENT_HIGH,高分段使用模型估算一分一段，位次不可用于填报,清华大学 | 北京大学 | 复旦大学 | 上海交通大学 | 浙江大学,电子商务 | 护理学 | 会计学 | 国际税收 | 金融审计
天津,历史类,697,99.65,55,C9,ERROR,MODEL_SEGMENT_HIGH,高分段使用模型估算一分一段，位次不可用于填报,清华大学 | 北京大学 | 复旦大学 | 上海交通大学 | 浙江大学,电子商务 | 护理学 | 会计学 | 国际税收 | 金融审计
天津,历史类,718,99.78,34,C9,ERROR,MODEL_SEGMENT_HIGH,高分段使用模型估算一分一段，位次不可用于填报,清华大学 | 北京大学 | 复旦大学 | 上海交通大学 | 浙江大学,电子商务 | 护理学 | 会计学 | 国际税收 | 金融审计
天津,历史类,743,99.94,9,C9,ERROR,MODEL_SEGMENT_HIGH,高分段使用模型估算一分一段，位次不可用于填报,清华大学 | 北京大学 | 复旦大学 | 上海交通大学 | 浙江大学,电子商务 | 护理学 | 会计学 | 国际税收 | 金融审计
天津,历史类,750,99.99,2,C9,ERROR,MODEL_SEGMENT_HIGH,高分段使用模型估算一分一段，位次不可用于填报,清华大学 | 北京大学 | 复旦大学 | 上海交通大学 | 浙江大学,电子商务 | 护理学 | 会计学 | 国际税收 | 金融审计
山西,物理类,562,94.34,10116,双一流,ERROR,MODEL_SEGMENT_HIGH,高分段使用模型估算一分一段，位次不可用于填报,北京邮电大学 | 南京航空航天大学 | 南京理工大学 | 西安电子科技大学 | 北京交通大学,护理学 | 集成电路设计与集成系统 | 网络空间安全 | 机器人工程 | 人工智能
山西,物理类,587,96.91,5530,211,ERROR,MODEL_SEGMENT_HIGH,高分段使用模型估算一分一段，位次不可用于填报,哈尔滨工业大学 | 西安交通大学 | 北京航空航天大学 | 同济大学 | 华中科技大学,护理学 | 集成电路设计与集成系统 | 网络空间安全 | 机器人工程 | 人工智能
山西,物理类,600,97.77,3989,211,ERROR,MODEL_SEGMENT_HIGH,高分段使用模型估算一分一段，位次不可用于填报,哈尔滨工业大学 | 西安交通大学 | 北京航空航天大学 | 同济大学 | 华中科技大学,护理学 | 集成电路设计与集成系统 | 网络空间安全 | 机器人工程 | 人工智能
山西,物理类,612,98.35,2961,211,ERROR,MODEL_SEGMENT_HIGH,高分段使用模型估算一分一段，位次不可用于填报,哈尔滨工业大学 | 西安交通大学 | 北京航空航天大学 | 同济大学 | 华中科技大学,护理学 | 集成电路设计与集成系统 | 网络空间安全 | 机器人工程 | 人工智能
山西,物理类,619,98.6,2502,985,ERROR,MODEL_SEGMENT_HIGH,高分段使用模型估算一分一段，位次不可用于填报,清华大学 | 北京大学 | 复旦大学 | 上海交通大学 | 浙江大学,护理学 | 集成电路设计与集成系统 | 网络空间安全 | 机器人工程 | 人工智能
山西,物理类,637,99.07,1664,985,ERROR,MODEL_SEGMENT_HIGH,高分段使用模型估算一分一段，位次不可用于填报,清华大学 | 北京大学 | 复旦大学 | 上海交通大学 | 浙江大学,护理学 | 集成电路设计与集成系统 | 网络空间安全 | 机器人工程 | 人工智能
山西,物理类,662,99.42,1026,985,ERROR,MODEL_SEGMENT_HIGH,高分段使用模型估算一分一段，位次不可用于填报,清华大学 | 北京大学 | 复旦大学 | 上海交通大学 | 浙江大学,护理学 | 集成电路设计与集成系统 | 网络空间安全 | 机器人工程 | 人工智能
山西,物理类,687,99.62,666,C9,ERROR,MODEL_SEGMENT_HIGH,高分段使用模型估算一分一段，位次不可用于填报,清华大学 | 北京大学 | 复旦大学 | 上海交通大学 | 浙江大学,护理学 | 集成电路设计与集成系统 | 网络空间安全 | 机器人工程 | 人工智能
山西,物理类,697,99.69,554,C9,ERROR,MODEL_SEGMENT_HIGH,高分段使用模型估算一分一段，位次不可用于填报,清华大学 | 北京大学 | 复旦大学 | 上海交通大学 | 浙江大学,护理学 | 集成电路设计与集成系统 | 网络空间安全 | 机器人工程 | 人工智能
山西,物理类,712,99.78,400,C9,ERROR,MODEL_SEGMENT_HIGH,高分段使用模型估算一分一段，位次不可用于填报,清华大学 | 北京大学 | 复旦大学 | 上海交通大学 | 浙江大学,护理学 | 集成电路设计与集成系统 | 网络空间安全 | 机器人工程 | 人工智能
山西,物理类,737,99.92,150,C9,ERROR,MODEL_SEGMENT_HIGH,高分段使用模型估算一分一段，位次不可用于填报,清华大学 | 北京大学 | 复旦大学 | 上海交通大学 | 浙江大学,护理学 | 集成电路设计与集成系统 | 网络空间安全 | 机器人工程 | 人工智能
山西,物理类,750,99.99,20,C9,ERROR,MODEL_SEGMENT_HIGH,高分段使用模型估算一分一段，位次不可用于填报,清华大学 | 北京大学 | 复旦大学 | 上海交通大学 | 浙江大学,护理学 | 集成电路设计与集成系统 | 网络空间安全 | 机器人工程 | 人工智能
山西,历史类,562,94.39,4512,双一流,ERROR,MODEL_SEGMENT_HIGH,高分段使用模型估算一分一段，位次不可用于填报,北京邮电大学 | 南京航空航天大学 | 南京理工大学 | 西安电子科技大学 | 北京交通大学,电子商务 | 护理学 | 会计学 | 国际税收 | 金融审计
山西,历史类,587,96.97,2442,211,ERROR,MODEL_SEGMENT_HIGH,高分段使用模型估算一分一段，位次不可用于填报,哈尔滨工业大学 | 西安交通大学 | 北京航空航天大学 | 同济大学 | 华中科技大学,电子商务 | 护理学 | 会计学 | 国际税收 | 金融审计
山西,历史类,600,97.83,1747,211,ERROR,MODEL_SEGMENT_HIGH,高分段使用模型估算一分一段，位次不可用于填报,哈尔滨工业大学 | 西安交通大学 | 北京航空航天大学 | 同济大学 | 华中科技大学,电子商务 | 护理学 | 会计学 | 国际税收 | 金融审计
山西,历史类,612,98.41,1284,211,ERROR,MODEL_SEGMENT_HIGH,高分段使用模型估算一分一段，位次不可用于填报,哈尔滨工业大学 | 西安交通大学 | 北京航空航天大学 | 同济大学 | 华中科技大学,电子商务 | 护理学 | 会计学 | 国际税收 | 金融审计
山西,历史类,619,98.66,1078,985,ERROR,MODEL_SEGMENT_HIGH,高分段使用模型估算一分一段，位次不可用于填报,清华大学 | 北京大学 | 复旦大学 | 上海交通大学 | 浙江大学,电子商务 | 护理学 | 会计学 | 国际税收 | 金融审计
山西,历史类,637,99.12,708,985,ERROR,MODEL_SEGMENT_HIGH,高分段使用模型估算一分一段，位次不可用于填报,清华大学 | 北京大学 | 复旦大学 | 上海交通大学 | 浙江大学,电子商务 | 护理学 | 会计学 | 国际税收 | 金融审计
山西,历史类,662,99.47,425,985,ERROR,MODEL_SEGMENT_HIGH,高分段使用模型估算一分一段，位次不可用于填报,清华大学 | 北京大学 | 复旦大学 | 上海交通大学 | 浙江大学,电子商务 | 护理学 | 会计学 | 国际税收 | 金融审计
山西,历史类,687,99.66,270,C9,ERROR,MODEL_SEGMENT_HIGH,高分段使用模型估算一分一段，位次不可用于填报,清华大学 | 北京大学 | 复旦大学 | 上海交通大学 | 浙江大学,电子商务 | 护理学 | 会计学 | 国际税收 | 金融审计
山西,历史类,697,99.72,222,C9,ERROR,MODEL_SEGMENT_HIGH,高分段使用模型估算一分一段，位次不可用于填报,清华大学 | 北京大学 | 复旦大学 | 上海交通大学 | 浙江大学,电子商务 | 护理学 | 会计学 | 国际税收 | 金融审计
山西,历史类,712,99.8,160,C9,ERROR,MODEL_SEGMENT_HIGH,高分段使用模型估算一分一段，位次不可用于填报,清华大学 | 北京大学 | 复旦大学 | 上海交通大学 | 浙江大学,电子商务 | 护理学 | 会计学 | 国际税收 | 金融审计
山西,历史类,737,99.93,60,C9,ERROR,MODEL_SEGMENT_HIGH,高分段使用模型估算一分一段，位次不可用于填报,清华大学 | 北京大学 | 复旦大学 | 上海交通大学 | 浙江大学,电子商务 | 护理学 | 会计学 | 国际税收 | 金融审计
山西,历史类,750,99.99,8,C9,ERROR,MODEL_SEGMENT_HIGH,高分段使用模型估算一分一段，位次不可用于填报,清华大学 | 北京大学 | 复旦大学 | 上海交通大学 | 浙江大学,电子商务 | 护理学 | 会计学 | 国际税收 | 金融审计
广东,物理类,578,95.57,17420,双一流,ERROR,MODEL_SEGMENT_HIGH,高分段使用模型估算一分一段，位次不可用于填报,北京邮电大学 | 南京航空航天大学 | 南京理工大学 | 西安电子科技大学 | 北京交通大学,护理学 | 集成电路设计与集成系统 | 网络空间安全 | 机器人工程 | 人工智能
广东,物理类,600,97.51,9693,211,ERROR,MODEL_SEGMENT_HIGH,高分段使用模型估算一分一段，位次不可用于填报,哈尔滨工业大学 | 西安交通大学 | 北京航空航天大学 | 同济大学 | 华中科技大学,护理学 | 集成电路设计与集成系统 | 网络空间安全 | 机器人工程 | 人工智能
广东,物理类,603,97.7,8965,211,ERROR,MODEL_SEGMENT_HIGH,高分段使用模型估算一分一段，位次不可用于填报,哈尔滨工业大学 | 西安交通大学 | 北京航空航天大学 | 同济大学 | 华中科技大学,护理学 | 集成电路设计与集成系统 | 网络空间安全 | 机器人工程 | 人工智能
广东,物理类,619,98.48,5930,211,ERROR,MODEL_SEGMENT_HIGH,高分段使用模型估算一分一段，位次不可用于填报,哈尔滨工业大学 | 西安交通大学 | 北京航空航天大学 | 同济大学 | 华中科技大学,护理学 | 集成电路设计与集成系统 | 网络空间安全 | 机器人工程 | 人工智能
广东,物理类,628,98.78,4745,985,ERROR,MODEL_SEGMENT_HIGH,高分段使用模型估算一分一段，位次不可用于填报,清华大学 | 北京大学 | 复旦大学 | 上海交通大学 | 浙江大学,护理学 | 集成电路设计与集成系统 | 网络空间安全 | 机器人工程 | 人工智能
广东,物理类,653,99.3,2724,985,ERROR,MODEL_SEGMENT_HIGH,高分段使用模型估算一分一段，位次不可用于填报,清华大学 | 北京大学 | 复旦大学 | 上海交通大学 | 浙江大学,护理学 | 集成电路设计与集成系统 | 网络空间安全 | 机器人工程 | 人工智能
广东,物理类,678,99.56,1701,C9,ERROR,MODEL_SEGMENT_HIGH,高分段使用模型估算一分一段，位次不可用于填报,清华大学 | 北京大学 | 复旦大学 | 上海交通大学 | 浙江大学,护理学 | 集成电路设计与集成系统 | 网络空间安全 | 机器人工程 | 人工智能
广东,物理类,697,99.69,1191,C9,ERROR,MODEL_SEGMENT_HIGH,高分段使用模型估算一分一段，位次不可用于填报,清华大学 | 北京大学 | 复旦大学 | 上海交通大学 | 浙江大学,护理学 | 集成电路设计与集成系统 | 网络空间安全 | 机器人工程 | 人工智能
广东,物理类,703,99.73,1048,C9,ERROR,MODEL_SEGMENT_HIGH,高分段使用模型估算一分一段，位次不可用于填报,清华大学 | 北京大学 | 复旦大学 | 上海交通大学 | 浙江大学,护理学 | 集成电路设计与集成系统 | 网络空间安全 | 机器人工程 | 人工智能
广东,物理类,728,99.87,504,C9,ERROR,MODEL_SEGMENT_HIGH,高分段使用模型估算一分一段，位次不可用于填报,清华大学 | 北京大学 | 复旦大学 | 上海交通大学 | 浙江大学,护理学 | 集成电路设计与集成系统 | 网络空间安全 | 机器人工程 | 人工智能
广东,物理类,750,99.99,42,C9,ERROR,MODEL_SEGMENT_HIGH,高分段使用模型估算一分一段，位次不可用于填报,清华大学 | 北京大学 | 复旦大学 | 上海交通大学 | 浙江大学,护理学 | 集成电路设计与集成系统 | 网络空间安全 | 机器人工程 | 人工智能
广东,历史类,578,94.96,8829,双一流,ERROR,MODEL_SEGMENT_HIGH,高分段使用模型估算一分一段，位次不可用于填报,北京邮电大学 | 南京航空航天大学 | 南京理工大学 | 西安电子科技大学 | 北京交通大学,电子商务 | 护理学 | 会计学 | 国际税收 | 金融审计
广东,历史类,600,97.17,4964,211,ERROR,MODEL_SEGMENT_HIGH,高分段使用模型估算一分一段，位次不可用于填报,哈尔滨工业大学 | 西安交通大学 | 北京航空航天大学 | 同济大学 | 华中科技大学,电子商务 | 护理学 | 会计学 | 国际税收 | 金融审计
广东,历史类,603,97.39,4581,211,ERROR,MODEL_SEGMENT_HIGH,高分段使用模型估算一分一段，位次不可用于填报,哈尔滨工业大学 | 西安交通大学 | 北京航空航天大学 | 同济大学 | 华中科技大学,电子商务 | 护理学 | 会计学 | 国际税收 | 金融审计
广东,历史类,619,98.3,2985,211,ERROR,MODEL_SEGMENT_HIGH,高分段使用模型估算一分一段，位次不可用于填报,哈尔滨工业大学 | 西安交通大学 | 北京航空航天大学 | 同济大学 | 华中科技大学,电子商务 | 护理学 | 会计学 | 国际税收 | 金融审计
广东,历史类,628,98.65,2363,985,ERROR,MODEL_SEGMENT_HIGH,高分段使用模型估算一分一段，位次不可用于填报,清华大学 | 北京大学 | 复旦大学 | 上海交通大学 | 浙江大学,电子商务 | 护理学 | 会计学 | 国际税收 | 金融审计
广东,历史类,653,99.25,1317,985,ERROR,MODEL_SEGMENT_HIGH,高分段使用模型估算一分一段，位次不可用于填报,清华大学 | 北京大学 | 复旦大学 | 上海交通大学 | 浙江大学,电子商务 | 护理学 | 会计学 | 国际税收 | 金融审计
广东,历史类,678,99.54,809,C9,ERROR,MODEL_SEGMENT_HIGH,高分段使用模型估算一分一段，位次不可用于填报,清华大学 | 北京大学 | 复旦大学 | 上海交通大学 | 浙江大学,电子商务 | 护理学 | 会计学 | 国际税收 | 金融审计
广东,历史类,697,99.68,562,C9,ERROR,MODEL_SEGMENT_HIGH,高分段使用模型估算一分一段，位次不可用于填报,清华大学 | 北京大学 | 复旦大学 | 上海交通大学 | 浙江大学,电子商务 | 护理学 | 会计学 | 国际税收 | 金融审计
广东,历史类,703,99.72,496,C9,ERROR,MODEL_SEGMENT_HIGH,高分段使用模型估算一分一段，位次不可用于填报,清华大学 | 北京大学 | 复旦大学 | 上海交通大学 | 浙江大学,电子商务 | 护理学 | 会计学 | 国际税收 | 金融审计
广东,历史类,728,99.87,240,C9,ERROR,MODEL_SEGMENT_HIGH,高分段使用模型估算一分一段，位次不可用于填报,清华大学 | 北京大学 | 复旦大学 | 上海交通大学 | 浙江大学,电子商务 | 护理学 | 会计学 | 国际税收 | 金融审计
广东,历史类,750,99.99,20,C9,ERROR,MODEL_SEGMENT_HIGH,高分段使用模型估算一分一段，位次不可用于填报,清华大学 | 北京大学 | 复旦大学 | 上海交通大学 | 浙江大学,电子商务 | 护理学 | 会计学 | 国际税收 | 金融审计
新疆,物理类,474,90.98,9596,一本,ERROR,MODEL_SEGMENT_HIGH,高分段使用模型估算一分一段，位次不可用于填报,深圳大学 | 南方科技大学 | 西湖大学 | 宁波大学 | 首都师范大学,护理学 | 网络空间安全 | 机器人工程 | 临床医学 | 数据科学与大数据技术
新疆,物理类,499,94.03,6366,双一流,ERROR,MODEL_SEGMENT_HIGH,高分段使用模型估算一分一段，位次不可用于填报,北京邮电大学 | 南京航空航天大学 | 南京理工大学 | 西安电子科技大学 | 北京交通大学,护理学 | 集成电路设计与集成系统 | 网络空间安全 | 机器人工程 | 人工智能
新疆,物理类,524,96.21,4044,211,ERROR,MODEL_SEGMENT_HIGH,高分段使用模型估算一分一段，位次不可用于填报,哈尔滨工业大学 | 西安交通大学 | 北京航空航天大学 | 同济大学 | 华中科技大学,护理学 | 集成电路设计与集成系统 | 网络空间安全 | 机器人工程 | 人工智能
新疆,物理类,549,97.66,2503,211,ERROR,MODEL_SEGMENT_HIGH,高分段使用模型估算一分一段，位次不可用于填报,哈尔滨工业大学 | 西安交通大学 | 北京航空航天大学 | 同济大学 | 华中科技大学,护理学 | 集成电路设计与集成系统 | 网络空间安全 | 机器人工程 | 人工智能
新疆,物理类,574,98.55,1551,985,ERROR,MODEL_SEGMENT_HIGH,高分段使用模型估算一分一段，位次不可用于填报,清华大学 | 北京大学 | 复旦大学 | 上海交通大学 | 浙江大学,护理学 | 集成电路设计与集成系统 | 网络空间安全 | 机器人工程 | 人工智能
新疆,物理类,599,99.06,994,985,ERROR,MODEL_SEGMENT_HIGH,高分段使用模型估算一分一段，位次不可用于填报,清华大学 | 北京大学 | 复旦大学 | 上海交通大学 | 浙江大学,护理学 | 集成电路设计与集成系统 | 网络空间安全 | 机器人工程 | 人工智能
新疆,物理类,600,99.08,977,985,ERROR,MODEL_SEGMENT_HIGH,高分段使用模型估算一分一段，位次不可用于填报,清华大学 | 北京大学 | 复旦大学 | 上海交通大学 | 浙江大学,护理学 | 集成电路设计与集成系统 | 网络空间安全 | 机器人工程 | 人工智能
新疆,物理类,619,99.32,722,985,ERROR,MODEL_SEGMENT_HIGH,高分段使用模型估算一分一段，位次不可用于填报,清华大学 | 北京大学 | 复旦大学 | 上海交通大学 | 浙江大学,护理学 | 集成电路设计与集成系统 | 网络空间安全 | 机器人工程 | 人工智能
新疆,物理类,624,99.37,670,985,ERROR,MODEL_SEGMENT_HIGH,高分段使用模型估算一分一段，位次不可用于填报,清华大学 | 北京大学 | 复旦大学 | 上海交通大学 | 浙江大学,护理学 | 集成电路设计与集成系统 | 网络空间安全 | 机器人工程 | 人工智能
新疆,物理类,649,99.56,472,C9,ERROR,MODEL_SEGMENT_HIGH,高分段使用模型估算一分一段，位次不可用于填报,清华大学 | 北京大学 | 复旦大学 | 上海交通大学 | 浙江大学,护理学 | 集成电路设计与集成系统 | 网络空间安全 | 机器人工程 | 人工智能
新疆,物理类,674,99.69,331,C9,ERROR,MODEL_SEGMENT_HIGH,高分段使用模型估算一分一段，位次不可用于填报,清华大学 | 北京大学 | 复旦大学 | 上海交通大学 | 浙江大学,护理学 | 集成电路设计与集成系统 | 网络空间安全 | 机器人工程 | 人工智能
新疆,物理类,697,99.8,220,C9,ERROR,MODEL_SEGMENT_HIGH,高分段使用模型估算一分一段，位次不可用于填报,清华大学 | 北京大学 | 复旦大学 | 上海交通大学 | 浙江大学,护理学 | 集成电路设计与集成系统 | 网络空间安全 | 机器人工程 | 人工智能
新疆,物理类,699,99.81,212,C9,ERROR,MODEL_SEGMENT_HIGH,高分段使用模型估算一分一段，位次不可用于填报,清华大学 | 北京大学 | 复旦大学 | 上海交通大学 | 浙江大学,护理学 | 集成电路设计与集成系统 | 网络空间安全 | 机器人工程 | 人工智能
新疆,物理类,724,99.9,112,C9,ERROR,MODEL_SEGMENT_HIGH,高分段使用模型估算一分一段，位次不可用于填报,清华大学 | 北京大学 | 复旦大学 | 上海交通大学 | 浙江大学,护理学 | 集成电路设计与集成系统 | 网络空间安全 | 机器人工程 | 人工智能
新疆,物理类,749,100.0,12,C9,ERROR,MODEL_SEGMENT_HIGH,高分段使用模型估算一分一段，位次不可用于填报,清华大学 | 北京大学 | 复旦大学 | 上海交通大学 | 浙江大学,护理学 | 集成电路设计与集成系统 | 网络空间安全 | 机器人工程 | 人工智能
新疆,物理类,750,100.0,8,C9,ERROR,MODEL_SEGMENT_HIGH,高分段使用模型估算一分一段，位次不可用于填报,清华大学 | 北京大学 | 复旦大学 | 上海交通大学 | 浙江大学,护理学 | 集成电路设计与集成系统 | 网络空间安全 | 机器人工程 | 人工智能
新疆,历史类,474,91.51,4050,一本,ERROR,MODEL_SEGMENT_HIGH,高分段使用模型估算一分一段，位次不可用于填报,深圳大学 | 南方科技大学 | 西湖大学 | 宁波大学 | 首都师范大学,电子商务 | 护理学 | 会计学 | 国际税收 | 金融审计
新疆,历史类,499,94.41,2676,双一流,ERROR,MODEL_SEGMENT_HIGH,高分段使用模型估算一分一段，位次不可用于填报,北京邮电大学 | 南京航空航天大学 | 南京理工大学 | 西安电子科技大学 | 北京交通大学,电子商务 | 护理学 | 会计学 | 国际税收 | 金融审计
新疆,历史类,524,96.46,1695,211,ERROR,MODEL_SEGMENT_HIGH,高分段使用模型估算一分一段，位次不可用于填报,哈尔滨工业大学 | 西安交通大学 | 北京航空航天大学 | 同济大学 | 华中科技大学,电子商务 | 护理学 | 会计学 | 国际税收 | 金融审计
新疆,历史类,549,97.81,1048,211,ERROR,MODEL_SEGMENT_HIGH,高分段使用模型估算一分一段，位次不可用于填报,哈尔滨工业大学 | 西安交通大学 | 北京航空航天大学 | 同济大学 | 华中科技大学,电子商务 | 护理学 | 会计学 | 国际税收 | 金融审计
新疆,历史类,574,98.64,652,985,ERROR,MODEL_SEGMENT_HIGH,高分段使用模型估算一分一段，位次不可用于填报,清华大学 | 北京大学 | 复旦大学 | 上海交通大学 | 浙江大学,电子商务 | 护理学 | 会计学 | 国际税收 | 金融审计
新疆,历史类,599,99.11,422,985,ERROR,MODEL_SEGMENT_HIGH,高分段使用模型估算一分一段，位次不可用于填报,清华大学 | 北京大学 | 复旦大学 | 上海交通大学 | 浙江大学,电子商务 | 护理学 | 会计学 | 国际税收 | 金融审计
新疆,历史类,600,99.13,415,985,ERROR,MODEL_SEGMENT_HIGH,高分段使用模型估算一分一段，位次不可用于填报,清华大学 | 北京大学 | 复旦大学 | 上海交通大学 | 浙江大学,电子商务 | 护理学 | 会计学 | 国际税收 | 金融审计
新疆,历史类,619,99.35,312,985,ERROR,MODEL_SEGMENT_HIGH,高分段使用模型估算一分一段，位次不可用于填报,清华大学 | 北京大学 | 复旦大学 | 上海交通大学 | 浙江大学,电子商务 | 护理学 | 会计学 | 国际税收 | 金融审计
新疆,历史类,624,99.39,290,985,ERROR,MODEL_SEGMENT_HIGH,高分段使用模型估算一分一段，位次不可用于填报,清华大学 | 北京大学 | 复旦大学 | 上海交通大学 | 浙江大学,电子商务 | 护理学 | 会计学 | 国际税收 | 金融审计
新疆,历史类,649,99.56,208,C9,ERROR,MODEL_SEGMENT_HIGH,高分段使用模型估算一分一段，位次不可用于填报,清华大学 | 北京大学 | 复旦大学 | 上海交通大学 | 浙江大学,电子商务 | 护理学 | 会计学 | 国际税收 | 金融审计
新疆,历史类,674,99.67,156,C9,ERROR,MODEL_SEGMENT_HIGH,高分段使用模型估算一分一段，位次不可用于填报,清华大学 | 北京大学 | 复旦大学 | 上海交通大学 | 浙江大学,电子商务 | 护理学 | 会计学 | 国际税收 | 金融审计
新疆,历史类,697,99.77,110,C9,ERROR,MODEL_SEGMENT_HIGH,高分段使用模型估算一分一段，位次不可用于填报,清华大学 | 北京大学 | 复旦大学 | 上海交通大学 | 浙江大学,电子商务 | 护理学 | 会计学 | 国际税收 | 金融审计
新疆,历史类,699,99.78,106,C9,ERROR,MODEL_SEGMENT_HIGH,高分段使用模型估算一分一段，位次不可用于填报,清华大学 | 北京大学 | 复旦大学 | 上海交通大学 | 浙江大学,电子商务 | 护理学 | 会计学 | 国际税收 | 金融审计
新疆,历史类,724,99.89,56,C9,ERROR,MODEL_SEGMENT_HIGH,高分段使用模型估算一分一段，位次不可用于填报,清华大学 | 北京大学 | 复旦大学 | 上海交通大学 | 浙江大学,电子商务 | 护理学 | 会计学 | 国际税收 | 金融审计
新疆,历史类,749,100.0,6,C9,ERROR,MODEL_SEGMENT_HIGH,高分段使用模型估算一分一段，位次不可用于填报,清华大学 | 北京大学 | 复旦大学 | 上海交通大学 | 浙江大学,电子商务 | 护理学 | 会计学 | 国际税收 | 金融审计
新疆,历史类,750,100.0,4,C9,ERROR,MODEL_SEGMENT_HIGH,高分段使用模型估算一分一段，位次不可用于填报,清华大学 | 北京大学 | 复旦大学 | 上海交通大学 | 浙江大学,电子商务 | 护理学 | 会计学 | 国际税收 | 金融审计
江西,物理类,549,91.28,24682,一本,ERROR,MODEL_SEGMENT_HIGH,高分段使用模型估算一分一段，位次不可用于填报,深圳大学 | 南方科技大学 | 西湖大学 | 宁波大学 | 首都师范大学,护理学 | 网络空间安全 | 机器人工程 | 临床医学 | 数据科学与大数据技术
江西,物理类,574,95.17,13607,双一流,ERROR,MODEL_SEGMENT_HIGH,高分段使用模型估算一分一段，位次不可用于填报,北京邮电大学 | 南京航空航天大学 | 南京理工大学 | 西安电子科技大学 | 北京交通大学,护理学 | 集成电路设计与集成系统 | 网络空间安全 | 机器人工程 | 人工智能
江西,物理类,599,97.44,7229,211,ERROR,MODEL_SEGMENT_HIGH,高分段使用模型估算一分一段，位次不可用于填报,哈尔滨工业大学 | 西安交通大学 | 北京航空航天大学 | 同济大学 | 华中科技大学,护理学 | 集成电路设计与集成系统 | 网络空间安全 | 机器人工程 | 人工智能
江西,物理类,600,97.5,7042,211,ERROR,MODEL_SEGMENT_HIGH,高分段使用模型估算一分一段，位次不可用于填报,哈尔滨工业大学 | 西安交通大学 | 北京航空航天大学 | 同济大学 | 华中科技大学,护理学 | 集成电路设计与集成系统 | 网络空间安全 | 机器人工程 | 人工智能
江西,物理类,619,98.45,4352,211,ERROR,MODEL_SEGMENT_HIGH,高分段使用模型估算一分一段，位次不可用于填报,哈尔滨工业大学 | 西安交通大学 | 北京航空航天大学 | 同济大学 | 华中科技大学,护理学 | 集成电路设计与集成系统 | 网络空间安全 | 机器人工程 | 人工智能
江西,物理类,624,98.63,3848,985,ERROR,MODEL_SEGMENT_HIGH,高分段使用模型估算一分一段，位次不可用于填报,清华大学 | 北京大学 | 复旦大学 | 上海交通大学 | 浙江大学,护理学 | 集成电路设计与集成系统 | 网络空间安全 | 机器人工程 | 人工智能
江西,物理类,649,99.22,2204,985,ERROR,MODEL_SEGMENT_HIGH,高分段使用模型估算一分一段，位次不可用于填报,清华大学 | 北京大学 | 复旦大学 | 上海交通大学 | 浙江大学,护理学 | 集成电路设计与集成系统 | 网络空间安全 | 机器人工程 | 人工智能
江西,物理类,674,99.51,1378,C9,ERROR,MODEL_SEGMENT_HIGH,高分段使用模型估算一分一段，位次不可用于填报,清华大学 | 北京大学 | 复旦大学 | 上海交通大学 | 浙江大学,护理学 | 集成电路设计与集成系统 | 网络空间安全 | 机器人工程 | 人工智能
江西,物理类,697,99.68,903,C9,ERROR,MODEL_SEGMENT_HIGH,高分段使用模型估算一分一段，位次不可用于填报,清华大学 | 北京大学 | 复旦大学 | 上海交通大学 | 浙江大学,护理学 | 集成电路设计与集成系统 | 网络空间安全 | 机器人工程 | 人工智能
江西,物理类,699,99.69,867,C9,ERROR,MODEL_SEGMENT_HIGH,高分段使用模型估算一分一段，位次不可用于填报,清华大学 | 北京大学 | 复旦大学 | 上海交通大学 | 浙江大学,护理学 | 集成电路设计与集成系统 | 网络空间安全 | 机器人工程 | 人工智能
江西,物理类,724,99.84,448,C9,ERROR,MODEL_SEGMENT_HIGH,高分段使用模型估算一分一段，位次不可用于填报,清华大学 | 北京大学 | 复旦大学 | 上海交通大学 | 浙江大学,护理学 | 集成电路设计与集成系统 | 网络空间安全 | 机器人工程 | 人工智能
江西,物理类,749,99.98,48,C9,ERROR,MODEL_SEGMENT_HIGH,高分段使用模型估算一分一段，位次不可用于填报,清华大学 | 北京大学 | 复旦大学 | 上海交通大学 | 浙江大学,护理学 | 集成电路设计与集成系统 | 网络空间安全 | 机器人工程 | 人工智能
江西,物理类,750,99.99,32,C9,ERROR,MODEL_SEGMENT_HIGH,高分段使用模型估算一分一段，位次不可用于填报,清华大学 | 北京大学 | 复旦大学 | 上海交通大学 | 浙江大学,护理学 | 集成电路设计与集成系统 | 网络空间安全 | 机器人工程 | 人工智能
江西,历史类,549,92.1,9964,一本,ERROR,MODEL_SEGMENT_HIGH,高分段使用模型估算一分一段，位次不可用于填报,深圳大学 | 南方科技大学 | 西湖大学 | 宁波大学 | 首都师范大学,电子商务 | 护理学 | 会计学 | 国际税收 | 金融审计
江西,历史类,574,95.57,5607,双一流,ERROR,MODEL_SEGMENT_HIGH,高分段使用模型估算一分一段，位次不可用于填报,北京邮电大学 | 南京航空航天大学 | 南京理工大学 | 西安电子科技大学 | 北京交通大学,电子商务 | 护理学 | 会计学 | 国际税收 | 金融审计
江西,历史类,599,97.63,3002,211,ERROR,MODEL_SEGMENT_HIGH,高分段使用模型估算一分一段，位次不可用于填报,哈尔滨工业大学 | 西安交通大学 | 北京航空航天大学 | 同济大学 | 华中科技大学,电子商务 | 护理学 | 会计学 | 国际税收 | 金融审计
江西,历史类,600,97.69,2925,211,ERROR,MODEL_SEGMENT_HIGH,高分段使用模型估算一分一段，位次不可用于填报,哈尔滨工业大学 | 西安交通大学 | 北京航空航天大学 | 同济大学 | 华中科技大学,电子商务 | 护理学 | 会计学 | 国际税收 | 金融审计
江西,历史类,619,98.56,1824,985,ERROR,MODEL_SEGMENT_HIGH,高分段使用模型估算一分一段，位次不可用于填报,清华大学 | 北京大学 | 复旦大学 | 上海交通大学 | 浙江大学,电子商务 | 护理学 | 会计学 | 国际税收 | 金融审计
江西,历史类,624,98.72,1619,985,ERROR,MODEL_SEGMENT_HIGH,高分段使用模型估算一分一段，位次不可用于填报,清华大学 | 北京大学 | 复旦大学 | 上海交通大学 | 浙江大学,电子商务 | 护理学 | 会计学 | 国际税收 | 金融审计
江西,历史类,649,99.25,944,985,ERROR,MODEL_SEGMENT_HIGH,高分段使用模型估算一分一段，位次不可用于填报,清华大学 | 北京大学 | 复旦大学 | 上海交通大学 | 浙江大学,电子商务 | 护理学 | 会计学 | 国际税收 | 金融审计
江西,历史类,674,99.52,598,C9,ERROR,MODEL_SEGMENT_HIGH,高分段使用模型估算一分一段，位次不可用于填报,清华大学 | 北京大学 | 复旦大学 | 上海交通大学 | 浙江大学,电子商务 | 护理学 | 会计学 | 国际税收 | 金融审计
江西,历史类,697,99.69,392,C9,ERROR,MODEL_SEGMENT_HIGH,高分段使用模型估算一分一段，位次不可用于填报,清华大学 | 北京大学 | 复旦大学 | 上海交通大学 | 浙江大学,电子商务 | 护理学 | 会计学 | 国际税收 | 金融审计
江西,历史类,699,99.7,376,C9,ERROR,MODEL_SEGMENT_HIGH,高分段使用模型估算一分一段，位次不可用于填报,清华大学 | 北京大学 | 复旦大学 | 上海交通大学 | 浙江大学,电子商务 | 护理学 | 会计学 | 国际税收 | 金融审计
江西,历史类,724,99.85,196,C9,ERROR,MODEL_SEGMENT_HIGH,高分段使用模型估算一分一段，位次不可用于填报,清华大学 | 北京大学 | 复旦大学 | 上海交通大学 | 浙江大学,电子商务 | 护理学 | 会计学 | 国际税收 | 金融审计
江西,历史类,749,99.98,21,C9,ERROR,MODEL_SEGMENT_HIGH,高分段使用模型估算一分一段，位次不可用于填报,清华大学 | 北京大学 | 复旦大学 | 上海交通大学 | 浙江大学,电子商务 | 护理学 | 会计学 | 国际税收 | 金融审计
江西,历史类,750,99.99,14,C9,ERROR,MODEL_SEGMENT_HIGH,高分段使用模型估算一分一段，位次不可用于填报,清华大学 | 北京大学 | 复旦大学 | 上海交通大学 | 浙江大学,电子商务 | 护理学 | 会计学 | 国际税收 | 金融审计
河北,物理类,577,93.13,30970,双一流,ERROR,MODEL_SEGMENT_HIGH,高分段使用模型估算一分一段，位次不可用于填报,北京邮电大学 | 南京航空航天大学 | 南京理工大学 | 西安电子科技大学 | 北京交通大学,护理学 | 集成电路设计与集成系统 | 网络空间安全 | 机器人工程 | 人工智能
河北,物理类,600,96.26,16877,211,ERROR,MODEL_SEGMENT_HIGH,高分段使用模型估算一分一段，位次不可用于填报,哈尔滨工业大学 | 西安交通大学 | 北京航空航天大学 | 同济大学 | 华中科技大学,护理学 | 集成电路设计与集成系统 | 网络空间安全 | 机器人工程 | 人工智能
河北,物理类,602,96.47,15978,211,ERROR,MODEL_SEGMENT_HIGH,高分段使用模型估算一分一段，位次不可用于填报,哈尔滨工业大学 | 西安交通大学 | 北京航空航天大学 | 同济大学 | 华中科技大学,护理学 | 集成电路设计与集成系统 | 网络空间安全 | 机器人工程 | 人工智能
河北,物理类,619,97.79,9993,211,ERROR,MODEL_SEGMENT_HIGH,高分段使用模型估算一分一段，位次不可用于填报,哈尔滨工业大学 | 西安交通大学 | 北京航空航天大学 | 同济大学 | 华中科技大学,护理学 | 集成电路设计与集成系统 | 网络空间安全 | 机器人工程 | 人工智能
河北,物理类,627,98.22,8046,211,ERROR,MODEL_SEGMENT_HIGH,高分段使用模型估算一分一段，位次不可用于填报,哈尔滨工业大学 | 西安交通大学 | 北京航空航天大学 | 同济大学 | 华中科技大学,护理学 | 集成电路设计与集成系统 | 网络空间安全 | 机器人工程 | 人工智能
河北,物理类,652,99.04,4335,985,ERROR,MODEL_SEGMENT_HIGH,高分段使用模型估算一分一段，位次不可用于填报,清华大学 | 北京大学 | 复旦大学 | 上海交通大学 | 浙江大学,护理学 | 集成电路设计与集成系统 | 网络空间安全 | 机器人工程 | 人工智能
河北,物理类,677,99.42,2600,985,ERROR,MODEL_SEGMENT_HIGH,高分段使用模型估算一分一段，位次不可用于填报,清华大学 | 北京大学 | 复旦大学 | 上海交通大学 | 浙江大学,护理学 | 集成电路设计与集成系统 | 网络空间安全 | 机器人工程 | 人工智能
河北,物理类,697,99.61,1762,C9,ERROR,MODEL_SEGMENT_HIGH,高分段使用模型估算一分一段，位次不可用于填报,清华大学 | 北京大学 | 复旦大学 | 上海交通大学 | 浙江大学,护理学 | 集成电路设计与集成系统 | 网络空间安全 | 机器人工程 | 人工智能
河北,物理类,702,99.65,1585,C9,ERROR,MODEL_SEGMENT_HIGH,高分段使用模型估算一分一段，位次不可用于填报,清华大学 | 北京大学 | 复旦大学 | 上海交通大学 | 浙江大学,护理学 | 集成电路设计与集成系统 | 网络空间安全 | 机器人工程 | 人工智能
河北,物理类,727,99.83,775,C9,ERROR,MODEL_SEGMENT_HIGH,高分段使用模型估算一分一段，位次不可用于填报,清华大学 | 北京大学 | 复旦大学 | 上海交通大学 | 浙江大学,护理学 | 集成电路设计与集成系统 | 网络空间安全 | 机器人工程 | 人工智能
河北,物理类,750,99.99,62,C9,ERROR,MODEL_SEGMENT_HIGH,高分段使用模型估算一分一段，位次不可用于填报,清华大学 | 北京大学 | 复旦大学 | 上海交通大学 | 浙江大学,护理学 | 集成电路设计与集成系统 | 网络空间安全 | 机器人工程 | 人工智能
河北,历史类,552,90.06,20079,一本,ERROR,MODEL_SEGMENT_HIGH,高分段使用模型估算一分一段，位次不可用于填报,深圳大学 | 南方科技大学 | 西湖大学 | 宁波大学 | 首都师范大学,电子商务 | 护理学 | 会计学 | 国际税收 | 金融审计
河北,历史类,577,94.45,11255,双一流,ERROR,MODEL_SEGMENT_HIGH,高分段使用模型估算一分一段，位次不可用于填报,北京邮电大学 | 南京航空航天大学 | 南京理工大学 | 西安电子科技大学 | 北京交通大学,电子商务 | 护理学 | 会计学 | 国际税收 | 金融审计
河北,历史类,600,96.96,6168,211,ERROR,MODEL_SEGMENT_HIGH,高分段使用模型估算一分一段，位次不可用于填报,哈尔滨工业大学 | 西安交通大学 | 北京航空航天大学 | 同济大学 | 华中科技大学,电子商务 | 护理学 | 会计学 | 国际税收 | 金融审计
河北,历史类,602,97.12,5846,211,ERROR,MODEL_SEGMENT_HIGH,高分段使用模型估算一分一段，位次不可用于填报,哈尔滨工业大学 | 西安交通大学 | 北京航空航天大学 | 同济大学 | 华中科技大学,电子商务 | 护理学 | 会计学 | 国际税收 | 金融审计
河北,历史类,619,98.17,3707,211,ERROR,MODEL_SEGMENT_HIGH,高分段使用模型估算一分一段，位次不可用于填报,哈尔滨工业大学 | 西安交通大学 | 北京航空航天大学 | 同济大学 | 华中科技大学,电子商务 | 护理学 | 会计学 | 国际税收 | 金融审计
河北,历史类,627,98.52,3013,985,ERROR,MODEL_SEGMENT_HIGH,高分段使用模型估算一分一段，位次不可用于填报,清华大学 | 北京大学 | 复旦大学 | 上海交通大学 | 浙江大学,电子商务 | 护理学 | 会计学 | 国际税收 | 金融审计
河北,历史类,652,99.17,1669,985,ERROR,MODEL_SEGMENT_HIGH,高分段使用模型估算一分一段，位次不可用于填报,清华大学 | 北京大学 | 复旦大学 | 上海交通大学 | 浙江大学,电子商务 | 护理学 | 会计学 | 国际税收 | 金融审计
河北,历史类,677,99.5,1018,C9,ERROR,MODEL_SEGMENT_HIGH,高分段使用模型估算一分一段，位次不可用于填报,清华大学 | 北京大学 | 复旦大学 | 上海交通大学 | 浙江大学,电子商务 | 护理学 | 会计学 | 国际税收 | 金融审计
河北,历史类,697,99.66,694,C9,ERROR,MODEL_SEGMENT_HIGH,高分段使用模型估算一分一段，位次不可用于填报,清华大学 | 北京大学 | 复旦大学 | 上海交通大学 | 浙江大学,电子商务 | 护理学 | 会计学 | 国际税收 | 金融审计
河北,历史类,702,99.69,623,C9,ERROR,MODEL_SEGMENT_HIGH,高分段使用模型估算一分一段，位次不可用于填报,清华大学 | 北京大学 | 复旦大学 | 上海交通大学 | 浙江大学,电子商务 | 护理学 | 会计学 | 国际税收 | 金融审计
河北,历史类,727,99.85,300,C9,ERROR,MODEL_SEGMENT_HIGH,高分段使用模型估算一分一段，位次不可用于填报,清华大学 | 北京大学 | 复旦大学 | 上海交通大学 | 浙江大学,电子商务 | 护理学 | 会计学 | 国际税收 | 金融审计
河北,历史类,750,99.99,24,C9,ERROR,MODEL_SEGMENT_HIGH,高分段使用模型估算一分一段，位次不可用于填报,清华大学 | 北京大学 | 复旦大学 | 上海交通大学 | 浙江大学,电子商务 | 护理学 | 会计学 | 国际税收 | 金融审计
浙江,物理类,600,90.75,18711,一本,ERROR,MODEL_SEGMENT_HIGH,高分段使用模型估算一分一段，位次不可用于填报,深圳大学 | 南方科技大学 | 西湖大学 | 宁波大学 | 首都师范大学,护理学 | 网络空间安全 | 机器人工程 | 临床医学 | 数据科学与大数据技术
浙江,物理类,609,93.58,13062,双一流,ERROR,MODEL_SEGMENT_HIGH,高分段使用模型估算一分一段，位次不可用于填报,北京邮电大学 | 南京航空航天大学 | 南京理工大学 | 西安电子科技大学 | 北京交通大学,护理学 | 集成电路设计与集成系统 | 网络空间安全 | 机器人工程 | 人工智能
浙江,物理类,619,96.01,8180,211,ERROR,MODEL_SEGMENT_HIGH,高分段使用模型估算一分一段，位次不可用于填报,哈尔滨工业大学 | 西安交通大学 | 北京航空航天大学 | 同济大学 | 华中科技大学,护理学 | 集成电路设计与集成系统 | 网络空间安全 | 机器人工程 | 人工智能
浙江,物理类,634,98.37,3334,211,ERROR,MODEL_SEGMENT_HIGH,高分段使用模型估算一分一段，位次不可用于填报,哈尔滨工业大学 | 西安交通大学 | 北京航空航天大学 | 同济大学 | 华中科技大学,护理学 | 集成电路设计与集成系统 | 网络空间安全 | 机器人工程 | 人工智能
浙江,物理类,659,99.22,1560,985,ERROR,MODEL_SEGMENT_HIGH,高分段使用模型估算一分一段，位次不可用于填报,清华大学 | 北京大学 | 复旦大学 | 上海交通大学 | 浙江大学,护理学 | 集成电路设计与集成系统 | 网络空间安全 | 机器人工程 | 人工智能
浙江,物理类,684,99.55,892,C9,ERROR,MODEL_SEGMENT_HIGH,高分段使用模型估算一分一段，位次不可用于填报,清华大学 | 北京大学 | 复旦大学 | 上海交通大学 | 浙江大学,护理学 | 集成电路设计与集成系统 | 网络空间安全 | 机器人工程 | 人工智能
浙江,物理类,697,99.66,680,C9,ERROR,MODEL_SEGMENT_HIGH,高分段使用模型估算一分一段，位次不可用于填报,清华大学 | 北京大学 | 复旦大学 | 上海交通大学 | 浙江大学,护理学 | 集成电路设计与集成系统 | 网络空间安全 | 机器人工程 | 人工智能
浙江,物理类,709,99.74,518,C9,ERROR,MODEL_SEGMENT_HIGH,高分段使用模型估算一分一段，位次不可用于填报,清华大学 | 北京大学 | 复旦大学 | 上海交通大学 | 浙江大学,护理学 | 集成电路设计与集成系统 | 网络空间安全 | 机器人工程 | 人工智能
浙江,物理类,734,99.9,216,C9,ERROR,MODEL_SEGMENT_HIGH,高分段使用模型估算一分一段，位次不可用于填报,清华大学 | 北京大学 | 复旦大学 | 上海交通大学 | 浙江大学,护理学 | 集成电路设计与集成系统 | 网络空间安全 | 机器人工程 | 人工智能
浙江,物理类,750,99.99,24,C9,ERROR,MODEL_SEGMENT_HIGH,高分段使用模型估算一分一段，位次不可用于填报,清华大学 | 北京大学 | 复旦大学 | 上海交通大学 | 浙江大学,护理学 | 集成电路设计与集成系统 | 网络空间安全 | 机器人工程 | 人工智能
浙江,历史类,600,91.43,7790,一本,ERROR,MODEL_SEGMENT_HIGH,高分段使用模型估算一分一段，位次不可用于填报,深圳大学 | 南方科技大学 | 西湖大学 | 宁波大学 | 首都师范大学,电子商务 | 护理学 | 会计学 | 国际税收 | 金融审计
浙江,历史类,609,94.03,5454,双一流,ERROR,MODEL_SEGMENT_HIGH,高分段使用模型估算一分一段，位次不可用于填报,北京邮电大学 | 南京航空航天大学 | 南京理工大学 | 西安电子科技大学 | 北京交通大学,电子商务 | 护理学 | 会计学 | 国际税收 | 金融审计
浙江,历史类,619,96.26,3438,211,ERROR,MODEL_SEGMENT_HIGH,高分段使用模型估算一分一段，位次不可用于填报,哈尔滨工业大学 | 西安交通大学 | 北京航空航天大学 | 同济大学 | 华中科技大学,电子商务 | 护理学 | 会计学 | 国际税收 | 金融审计
浙江,历史类,634,98.48,1406,211,ERROR,MODEL_SEGMENT_HIGH,高分段使用模型估算一分一段，位次不可用于填报,哈尔滨工业大学 | 西安交通大学 | 北京航空航天大学 | 同济大学 | 华中科技大学,电子商务 | 护理学 | 会计学 | 国际税收 | 金融审计
浙江,历史类,659,99.28,645,985,ERROR,MODEL_SEGMENT_HIGH,高分段使用模型估算一分一段，位次不可用于填报,清华大学 | 北京大学 | 复旦大学 | 上海交通大学 | 浙江大学,电子商务 | 护理学 | 会计学 | 国际税收 | 金融审计
浙江,历史类,684,99.59,370,C9,ERROR,MODEL_SEGMENT_HIGH,高分段使用模型估算一分一段，位次不可用于填报,清华大学 | 北京大学 | 复旦大学 | 上海交通大学 | 浙江大学,电子商务 | 护理学 | 会计学 | 国际税收 | 金融审计
浙江,历史类,697,99.69,282,C9,ERROR,MODEL_SEGMENT_HIGH,高分段使用模型估算一分一段，位次不可用于填报,清华大学 | 北京大学 | 复旦大学 | 上海交通大学 | 浙江大学,电子商务 | 护理学 | 会计学 | 国际税收 | 金融审计
浙江,历史类,709,99.76,215,C9,ERROR,MODEL_SEGMENT_HIGH,高分段使用模型估算一分一段，位次不可用于填报,清华大学 | 北京大学 | 复旦大学 | 上海交通大学 | 浙江大学,电子商务 | 护理学 | 会计学 | 国际税收 | 金融审计
浙江,历史类,734,99.9,90,C9,ERROR,MODEL_SEGMENT_HIGH,高分段使用模型估算一分一段，位次不可用于填报,清华大学 | 北京大学 | 复旦大学 | 上海交通大学 | 浙江大学,电子商务 | 护理学 | 会计学 | 国际税收 | 金融审计
浙江,历史类,750,99.99,10,C9,ERROR,MODEL_SEGMENT_HIGH,高分段使用模型估算一分一段，位次不可用于填报,清华大学 | 北京大学 | 复旦大学 | 上海交通大学 | 浙江大学,电子商务 | 护理学 | 会计学 | 国际税收 | 金融审计
湖北,物理类,570,95.04,13186,双一流,ERROR,MODEL_SEGMENT_HIGH,高分段使用模型估算一分一段，位次不可用于填报,北京邮电大学 | 南京航空航天大学 | 南京理工大学 | 西安电子科技大学 | 北京交通大学,护理学 | 集成电路设计与集成系统 | 网络空间安全 | 机器人工程 | 人工智能
湖北,物理类,595,97.35,7064,211,ERROR,MODEL_SEGMENT_HIGH,高分段使用模型估算一分一段，位次不可用于填报,哈尔滨工业大学 | 西安交通大学 | 北京航空航天大学 | 同济大学 | 华中科技大学,护理学 | 集成电路设计与集成系统 | 网络空间安全 | 机器人工程 | 人工智能
湖北,物理类,600,97.67,6213,211,ERROR,MODEL_SEGMENT_HIGH,高分段使用模型估算一分一段，位次不可用于填报,哈尔滨工业大学 | 西安交通大学 | 北京航空航天大学 | 同济大学 | 华中科技大学,护理学 | 集成电路设计与集成系统 | 网络空间安全 | 机器人工程 | 人工智能
湖北,物理类,619,98.56,3852,985,ERROR,MODEL_SEGMENT_HIGH,高分段使用模型估算一分一段，位次不可用于填报,清华大学 | 北京大学 | 复旦大学 | 上海交通大学 | 浙江大学,护理学 | 集成电路设计与集成系统 | 网络空间安全 | 机器人工程 | 人工智能
湖北,物理类,620,98.59,3757,985,ERROR,MODEL_SEGMENT_HIGH,高分段使用模型估算一分一段，位次不可用于填报,清华大学 | 北京大学 | 复旦大学 | 上海交通大学 | 浙江大学,护理学 | 集成电路设计与集成系统 | 网络空间安全 | 机器人工程 | 人工智能
湖北,物理类,645,99.19,2135,985,ERROR,MODEL_SEGMENT_HIGH,高分段使用模型估算一分一段，位次不可用于填报,清华大学 | 北京大学 | 复旦大学 | 上海交通大学 | 浙江大学,护理学 | 集成电路设计与集成系统 | 网络空间安全 | 机器人工程 | 人工智能
湖北,物理类,670,99.5,1324,C9,ERROR,MODEL_SEGMENT_HIGH,高分段使用模型估算一分一段，位次不可用于填报,清华大学 | 北京大学 | 复旦大学 | 上海交通大学 | 浙江大学,护理学 | 集成电路设计与集成系统 | 网络空间安全 | 机器人工程 | 人工智能
湖北,物理类,695,99.69,840,C9,ERROR,MODEL_SEGMENT_HIGH,高分段使用模型估算一分一段，位次不可用于填报,清华大学 | 北京大学 | 复旦大学 | 上海交通大学 | 浙江大学,护理学 | 集成电路设计与集成系统 | 网络空间安全 | 机器人工程 | 人工智能
湖北,物理类,697,99.69,806,C9,ERROR,MODEL_SEGMENT_HIGH,高分段使用模型估算一分一段，位次不可用于填报,清华大学 | 北京大学 | 复旦大学 | 上海交通大学 | 浙江大学,护理学 | 集成电路设计与集成系统 | 网络空间安全 | 机器人工程 | 人工智能
湖北,物理类,720,99.83,454,C9,ERROR,MODEL_SEGMENT_HIGH,高分段使用模型估算一分一段，位次不可用于填报,清华大学 | 北京大学 | 复旦大学 | 上海交通大学 | 浙江大学,护理学 | 集成电路设计与集成系统 | 网络空间安全 | 机器人工程 | 人工智能
湖北,物理类,745,99.97,98,C9,ERROR,MODEL_SEGMENT_HIGH,高分段使用模型估算一分一段，位次不可用于填报,清华大学 | 北京大学 | 复旦大学 | 上海交通大学 | 浙江大学,护理学 | 集成电路设计与集成系统 | 网络空间安全 | 机器人工程 | 人工智能
湖北,物理类,750,99.99,28,C9,ERROR,MODEL_SEGMENT_HIGH,高分段使用模型估算一分一段，位次不可用于填报,清华大学 | 北京大学 | 复旦大学 | 上海交通大学 | 浙江大学,护理学 | 集成电路设计与集成系统 | 网络空间安全 | 机器人工程 | 人工智能
湖北,历史类,570,95.79,5035,双一流,ERROR,MODEL_SEGMENT_HIGH,高分段使用模型估算一分一段，位次不可用于填报,北京邮电大学 | 南京航空航天大学 | 南京理工大学 | 西安电子科技大学 | 北京交通大学,电子商务 | 护理学 | 会计学 | 国际税收 | 金融审计
湖北,历史类,595,97.72,2722,211,ERROR,MODEL_SEGMENT_HIGH,高分段使用模型估算一分一段，位次不可用于填报,哈尔滨工业大学 | 西安交通大学 | 北京航空航天大学 | 同济大学 | 华中科技大学,电子商务 | 护理学 | 会计学 | 国际税收 | 金融审计
湖北,历史类,600,97.99,2401,211,ERROR,MODEL_SEGMENT_HIGH,高分段使用模型估算一分一段，位次不可用于填报,哈尔滨工业大学 | 西安交通大学 | 北京航空航天大学 | 同济大学 | 华中科技大学,电子商务 | 护理学 | 会计学 | 国际税收 | 金融审计
湖北,历史类,619,98.74,1511,985,ERROR,MODEL_SEGMENT_HIGH,高分段使用模型估算一分一段，位次不可用于填报,清华大学 | 北京大学 | 复旦大学 | 上海交通大学 | 浙江大学,电子商务 | 护理学 | 会计学 | 国际税收 | 金融审计
湖北,历史类,620,98.77,1475,985,ERROR,MODEL_SEGMENT_HIGH,高分段使用模型估算一分一段，位次不可用于填报,清华大学 | 北京大学 | 复旦大学 | 上海交通大学 | 浙江大学,电子商务 | 护理学 | 会计学 | 国际税收 | 金融审计
湖北,历史类,645,99.28,858,985,ERROR,MODEL_SEGMENT_HIGH,高分段使用模型估算一分一段，位次不可用于填报,清华大学 | 北京大学 | 复旦大学 | 上海交通大学 | 浙江大学,电子商务 | 护理学 | 会计学 | 国际税收 | 金融审计
湖北,历史类,670,99.54,542,C9,ERROR,MODEL_SEGMENT_HIGH,高分段使用模型估算一分一段，位次不可用于填报,清华大学 | 北京大学 | 复旦大学 | 上海交通大学 | 浙江大学,电子商务 | 护理学 | 会计学 | 国际税收 | 金融审计
湖北,历史类,695,99.7,347,C9,ERROR,MODEL_SEGMENT_HIGH,高分段使用模型估算一分一段，位次不可用于填报,清华大学 | 北京大学 | 复旦大学 | 上海交通大学 | 浙江大学,电子商务 | 护理学 | 会计学 | 国际税收 | 金融审计
湖北,历史类,697,99.72,334,C9,ERROR,MODEL_SEGMENT_HIGH,高分段使用模型估算一分一段，位次不可用于填报,清华大学 | 北京大学 | 复旦大学 | 上海交通大学 | 浙江大学,电子商务 | 护理学 | 会计学 | 国际税收 | 金融审计
湖北,历史类,720,99.84,192,C9,ERROR,MODEL_SEGMENT_HIGH,高分段使用模型估算一分一段，位次不可用于填报,清华大学 | 北京大学 | 复旦大学 | 上海交通大学 | 浙江大学,电子商务 | 护理学 | 会计学 | 国际税收 | 金融审计
湖北,历史类,745,99.97,42,C9,ERROR,MODEL_SEGMENT_HIGH,高分段使用模型估算一分一段，位次不可用于填报,清华大学 | 北京大学 | 复旦大学 | 上海交通大学 | 浙江大学,电子商务 | 护理学 | 会计学 | 国际税收 | 金融审计
湖北,历史类,750,99.99,12,C9,ERROR,MODEL_SEGMENT_HIGH,高分段使用模型估算一分一段，位次不可用于填报,清华大学 | 北京大学 | 复旦大学 | 上海交通大学 | 浙江大学,电子商务 | 护理学 | 会计学 | 国际税收 | 金融审计
西藏,物理类,492,91.42,2596,一本,ERROR,MODEL_SEGMENT_HIGH,高分段使用模型估算一分一段，位次不可用于填报,深圳大学 | 南方科技大学 | 西湖大学 | 宁波大学 | 首都师范大学,护理学 | 网络空间安全 | 机器人工程 | 临床医学 | 数据科学与大数据技术
西藏,物理类,517,94.59,1640,双一流,ERROR,MODEL_SEGMENT_HIGH,高分段使用模型估算一分一段，位次不可用于填报,北京邮电大学 | 南京航空航天大学 | 南京理工大学 | 西安电子科技大学 | 北京交通大学,护理学 | 集成电路设计与集成系统 | 网络空间安全 | 机器人工程 | 人工智能
西藏,物理类,542,96.75,987,211,ERROR,MODEL_SEGMENT_HIGH,高分段使用模型估算一分一段，位次不可用于填报,哈尔滨工业大学 | 西安交通大学 | 北京航空航天大学 | 同济大学 | 华中科技大学,护理学 | 集成电路设计与集成系统 | 网络空间安全 | 机器人工程 | 人工智能
西藏,物理类,567,98.1,576,211,ERROR,MODEL_SEGMENT_HIGH,高分段使用模型估算一分一段，位次不可用于填报,哈尔滨工业大学 | 西安交通大学 | 北京航空航天大学 | 同济大学 | 华中科技大学,护理学 | 集成电路设计与集成系统 | 网络空间安全 | 机器人工程 | 人工智能
西藏,物理类,592,98.89,338,985,ERROR,MODEL_SEGMENT_HIGH,高分段使用模型估算一分一段，位次不可用于填报,清华大学 | 北京大学 | 复旦大学 | 上海交通大学 | 浙江大学,护理学 | 集成电路设计与集成系统 | 网络空间安全 | 机器人工程 | 人工智能
西藏,物理类,600,99.06,286,985,ERROR,MODEL_SEGMENT_HIGH,高分段使用模型估算一分一段，位次不可用于填报,清华大学 | 北京大学 | 复旦大学 | 上海交通大学 | 浙江大学,护理学 | 集成电路设计与集成系统 | 网络空间安全 | 机器人工程 | 人工智能
西藏,物理类,617,99.31,207,985,ERROR,MODEL_SEGMENT_HIGH,高分段使用模型估算一分一段，位次不可用于填报,清华大学 | 北京大学 | 复旦大学 | 上海交通大学 | 浙江大学,护理学 | 集成电路设计与集成系统 | 网络空间安全 | 机器人工程 | 人工智能
西藏,物理类,619,99.34,200,985,ERROR,MODEL_SEGMENT_HIGH,高分段使用模型估算一分一段，位次不可用于填报,清华大学 | 北京大学 | 复旦大学 | 上海交通大学 | 浙江大学,护理学 | 集成电路设计与集成系统 | 网络空间安全 | 机器人工程 | 人工智能
西藏,物理类,642,99.56,133,C9,ERROR,MODEL_SEGMENT_HIGH,高分段使用模型估算一分一段，位次不可用于填报,清华大学 | 北京大学 | 复旦大学 | 上海交通大学 | 浙江大学,护理学 | 集成电路设计与集成系统 | 网络空间安全 | 机器人工程 | 人工智能
西藏,物理类,667,99.72,86,C9,ERROR,MODEL_SEGMENT_HIGH,高分段使用模型估算一分一段，位次不可用于填报,清华大学 | 北京大学 | 复旦大学 | 上海交通大学 | 浙江大学,护理学 | 集成电路设计与集成系统 | 网络空间安全 | 机器人工程 | 人工智能
西藏,物理类,692,99.8,60,C9,ERROR,MODEL_SEGMENT_HIGH,高分段使用模型估算一分一段，位次不可用于填报,清华大学 | 北京大学 | 复旦大学 | 上海交通大学 | 浙江大学,护理学 | 集成电路设计与集成系统 | 网络空间安全 | 机器人工程 | 人工智能
西藏,物理类,697,99.82,55,C9,ERROR,MODEL_SEGMENT_HIGH,高分段使用模型估算一分一段，位次不可用于填报,清华大学 | 北京大学 | 复旦大学 | 上海交通大学 | 浙江大学,护理学 | 集成电路设计与集成系统 | 网络空间安全 | 机器人工程 | 人工智能
西藏,物理类,717,99.88,35,C9,ERROR,MODEL_SEGMENT_HIGH,高分段使用模型估算一分一段，位次不可用于填报,清华大学 | 北京大学 | 复旦大学 | 上海交通大学 | 浙江大学,护理学 | 集成电路设计与集成系统 | 网络空间安全 | 机器人工程 | 人工智能
西藏,物理类,742,99.97,10,C9,ERROR,MODEL_SEGMENT_HIGH,高分段使用模型估算一分一段，位次不可用于填报,清华大学 | 北京大学 | 复旦大学 | 上海交通大学 | 浙江大学,护理学 | 集成电路设计与集成系统 | 网络空间安全 | 机器人工程 | 人工智能
西藏,物理类,750,100.0,2,C9,ERROR,MODEL_SEGMENT_HIGH,高分段使用模型估算一分一段，位次不可用于填报,清华大学 | 北京大学 | 复旦大学 | 上海交通大学 | 浙江大学,护理学 | 集成电路设计与集成系统 | 网络空间安全 | 机器人工程 | 人工智能
西藏,历史类,492,90.63,1268,一本,ERROR,MODEL_SEGMENT_HIGH,高分段使用模型估算一分一段，位次不可用于填报,深圳大学 | 南方科技大学 | 西湖大学 | 宁波大学 | 首都师范大学,电子商务 | 护理学 | 会计学 | 国际税收 | 金融审计
西藏,历史类,517,93.99,815,双一流,ERROR,MODEL_SEGMENT_HIGH,高分段使用模型估算一分一段，位次不可用于填报,北京邮电大学 | 南京航空航天大学 | 南京理工大学 | 西安电子科技大学 | 北京交通大学,电子商务 | 护理学 | 会计学 | 国际税收 | 金融审计
西藏,历史类,542,96.3,503,211,ERROR,MODEL_SEGMENT_HIGH,高分段使用模型估算一分一段，位次不可用于填报,哈尔滨工业大学 | 西安交通大学 | 北京航空航天大学 | 同济大学 | 华中科技大学,电子商务 | 护理学 | 会计学 | 国际税收 | 金融审计
西藏,历史类,567,97.73,308,211,ERROR,MODEL_SEGMENT_HIGH,高分段使用模型估算一分一段，位次不可用于填报,哈尔滨工业大学 | 西安交通大学 | 北京航空航天大学 | 同济大学 | 华中科技大学,电子商务 | 护理学 | 会计学 | 国际税收 | 金融审计
西藏,历史类,592,98.55,196,985,ERROR,MODEL_SEGMENT_HIGH,高分段使用模型估算一分一段，位次不可用于填报,清华大学 | 北京大学 | 复旦大学 | 上海交通大学 | 浙江大学,电子商务 | 护理学 | 会计学 | 国际税收 | 金融审计
西藏,历史类,600,98.72,173,985,ERROR,MODEL_SEGMENT_HIGH,高分段使用模型估算一分一段，位次不可用于填报,清华大学 | 北京大学 | 复旦大学 | 上海交通大学 | 浙江大学,电子商务 | 护理学 | 会计学 | 国际税收 | 金融审计
西藏,历史类,617,98.98,138,985,ERROR,MODEL_SEGMENT_HIGH,高分段使用模型估算一分一段，位次不可用于填报,清华大学 | 北京大学 | 复旦大学 | 上海交通大学 | 浙江大学,电子商务 | 护理学 | 会计学 | 国际税收 | 金融审计
西藏,历史类,619,99.0,134,985,ERROR,MODEL_SEGMENT_HIGH,高分段使用模型估算一分一段，位次不可用于填报,清华大学 | 北京大学 | 复旦大学 | 上海交通大学 | 浙江大学,电子商务 | 护理学 | 会计学 | 国际税收 | 金融审计
西藏,历史类,642,99.18,110,985,ERROR,MODEL_SEGMENT_HIGH,高分段使用模型估算一分一段，位次不可用于填报,清华大学 | 北京大学 | 复旦大学 | 上海交通大学 | 浙江大学,电子商务 | 护理学 | 会计学 | 国际税收 | 金融审计
西藏,历史类,667,99.37,85,985,ERROR,MODEL_SEGMENT_HIGH,高分段使用模型估算一分一段，位次不可用于填报,清华大学 | 北京大学 | 复旦大学 | 上海交通大学 | 浙江大学,电子商务 | 护理学 | 会计学 | 国际税收 | 金融审计
西藏,历史类,692,99.56,60,C9,ERROR,MODEL_SEGMENT_HIGH,高分段使用模型估算一分一段，位次不可用于填报,清华大学 | 北京大学 | 复旦大学 | 上海交通大学 | 浙江大学,电子商务 | 护理学 | 会计学 | 国际税收 | 金融审计
西藏,历史类,697,99.59,55,C9,ERROR,MODEL_SEGMENT_HIGH,高分段使用模型估算一分一段，位次不可用于填报,清华大学 | 北京大学 | 复旦大学 | 上海交通大学 | 浙江大学,电子商务 | 护理学 | 会计学 | 国际税收 | 金融审计
西藏,历史类,717,99.75,35,C9,ERROR,MODEL_SEGMENT_HIGH,高分段使用模型估算一分一段，位次不可用于填报,清华大学 | 北京大学 | 复旦大学 | 上海交通大学 | 浙江大学,电子商务 | 护理学 | 会计学 | 国际税收 | 金融审计
西藏,历史类,742,99.93,10,C9,ERROR,MODEL_SEGMENT_HIGH,高分段使用模型估算一分一段，位次不可用于填报,清华大学 | 北京大学 | 复旦大学 | 上海交通大学 | 浙江大学,电子商务 | 护理学 | 会计学 | 国际税收 | 金融审计
西藏,历史类,750,99.99,2,C9,ERROR,MODEL_SEGMENT_HIGH,高分段使用模型估算一分一段，位次不可用于填报,清华大学 | 北京大学 | 复旦大学 | 上海交通大学 | 浙江大学,电子商务 | 护理学 | 会计学 | 国际税收 | 金融审计
贵州,物理类,532,91.98,13883,一本,ERROR,MODEL_SEGMENT_HIGH,高分段使用模型估算一分一段，位次不可用于填报,深圳大学 | 南方科技大学 | 西湖大学 | 宁波大学 | 首都师范大学,护理学 | 网络空间安全 | 机器人工程 | 临床医学 | 数据科学与大数据技术
贵州,物理类,557,95.27,8214,双一流,ERROR,MODEL_SEGMENT_HIGH,高分段使用模型估算一分一段，位次不可用于填报,北京邮电大学 | 南京航空航天大学 | 南京理工大学 | 西安电子科技大学 | 北京交通大学,护理学 | 集成电路设计与集成系统 | 网络空间安全 | 机器人工程 | 人工智能
贵州,物理类,582,97.34,4622,211,ERROR,MODEL_SEGMENT_HIGH,高分段使用模型估算一分一段，位次不可用于填报,哈尔滨工业大学 | 西安交通大学 | 北京航空航天大学 | 同济大学 | 华中科技大学,护理学 | 集成电路设计与集成系统 | 网络空间安全 | 机器人工程 | 人工智能
贵州,物理类,600,98.25,3038,211,ERROR,MODEL_SEGMENT_HIGH,高分段使用模型估算一分一段，位次不可用于填报,哈尔滨工业大学 | 西安交通大学 | 北京航空航天大学 | 同济大学 | 华中科技大学,护理学 | 集成电路设计与集成系统 | 网络空间安全 | 机器人工程 | 人工智能
贵州,物理类,607,98.5,2592,985,ERROR,MODEL_SEGMENT_HIGH,高分段使用模型估算一分一段，位次不可用于填报,清华大学 | 北京大学 | 复旦大学 | 上海交通大学 | 浙江大学,护理学 | 集成电路设计与集成系统 | 网络空间安全 | 机器人工程 | 人工智能
贵州,物理类,619,98.84,1995,985,ERROR,MODEL_SEGMENT_HIGH,高分段使用模型估算一分一段，位次不可用于填报,清华大学 | 北京大学 | 复旦大学 | 上海交通大学 | 浙江大学,护理学 | 集成电路设计与集成系统 | 网络空间安全 | 机器人工程 | 人工智能
贵州,物理类,632,99.11,1532,985,ERROR,MODEL_SEGMENT_HIGH,高分段使用模型估算一分一段，位次不可用于填报,清华大学 | 北京大学 | 复旦大学 | 上海交通大学 | 浙江大学,护理学 | 集成电路设计与集成系统 | 网络空间安全 | 机器人工程 | 人工智能
贵州,物理类,657,99.43,980,985,ERROR,MODEL_SEGMENT_HIGH,高分段使用模型估算一分一段，位次不可用于填报,清华大学 | 北京大学 | 复旦大学 | 上海交通大学 | 浙江大学,护理学 | 集成电路设计与集成系统 | 网络空间安全 | 机器人工程 | 人工智能
贵州,物理类,682,99.62,652,C9,ERROR,MODEL_SEGMENT_HIGH,高分段使用模型估算一分一段，位次不可用于填报,清华大学 | 北京大学 | 复旦大学 | 上海交通大学 | 浙江大学,护理学 | 集成电路设计与集成系统 | 网络空间安全 | 机器人工程 | 人工智能
贵州,物理类,697,99.72,498,C9,ERROR,MODEL_SEGMENT_HIGH,高分段使用模型估算一分一段，位次不可用于填报,清华大学 | 北京大学 | 复旦大学 | 上海交通大学 | 浙江大学,护理学 | 集成电路设计与集成系统 | 网络空间安全 | 机器人工程 | 人工智能
贵州,物理类,707,99.77,405,C9,ERROR,MODEL_SEGMENT_HIGH,高分段使用模型估算一分一段，位次不可用于填报,清华大学 | 北京大学 | 复旦大学 | 上海交通大学 | 浙江大学,护理学 | 集成电路设计与集成系统 | 网络空间安全 | 机器人工程 | 人工智能
贵州,物理类,732,99.9,180,C9,ERROR,MODEL_SEGMENT_HIGH,高分段使用模型估算一分一段，位次不可用于填报,清华大学 | 北京大学 | 复旦大学 | 上海交通大学 | 浙江大学,护理学 | 集成电路设计与集成系统 | 网络空间安全 | 机器人工程 | 人工智能
贵州,物理类,750,99.99,18,C9,ERROR,MODEL_SEGMENT_HIGH,高分段使用模型估算一分一段，位次不可用于填报,清华大学 | 北京大学 | 复旦大学 | 上海交通大学 | 浙江大学,护理学 | 集成电路设计与集成系统 | 网络空间安全 | 机器人工程 | 人工智能
贵州,历史类,532,92.0,6224,一本,ERROR,MODEL_SEGMENT_HIGH,高分段使用模型估算一分一段，位次不可用于填报,深圳大学 | 南方科技大学 | 西湖大学 | 宁波大学 | 首都师范大学,电子商务 | 护理学 | 会计学 | 国际税收 | 金融审计
贵州,历史类,557,95.3,3666,双一流,ERROR,MODEL_SEGMENT_HIGH,高分段使用模型估算一分一段，位次不可用于填报,北京邮电大学 | 南京航空航天大学 | 南京理工大学 | 西安电子科技大学 | 北京交通大学,电子商务 | 护理学 | 会计学 | 国际税收 | 金融审计
贵州,历史类,582,97.37,2053,211,ERROR,MODEL_SEGMENT_HIGH,高分段使用模型估算一分一段，位次不可用于填报,哈尔滨工业大学 | 西安交通大学 | 北京航空航天大学 | 同济大学 | 华中科技大学,电子商务 | 护理学 | 会计学 | 国际税收 | 金融审计
贵州,历史类,600,98.28,1346,211,ERROR,MODEL_SEGMENT_HIGH,高分段使用模型估算一分一段，位次不可用于填报,哈尔滨工业大学 | 西安交通大学 | 北京航空航天大学 | 同济大学 | 华中科技大学,电子商务 | 护理学 | 会计学 | 国际税收 | 金融审计
贵州,历史类,607,98.53,1146,985,ERROR,MODEL_SEGMENT_HIGH,高分段使用模型估算一分一段，位次不可用于填报,清华大学 | 北京大学 | 复旦大学 | 上海交通大学 | 浙江大学,电子商务 | 护理学 | 会计学 | 国际税收 | 金融审计
贵州,历史类,619,98.87,880,985,ERROR,MODEL_SEGMENT_HIGH,高分段使用模型估算一分一段，位次不可用于填报,清华大学 | 北京大学 | 复旦大学 | 上海交通大学 | 浙江大学,电子商务 | 护理学 | 会计学 | 国际税收 | 金融审计
贵州,历史类,632,99.13,675,985,ERROR,MODEL_SEGMENT_HIGH,高分段使用模型估算一分一段，位次不可用于填报,清华大学 | 北京大学 | 复旦大学 | 上海交通大学 | 浙江大学,电子商务 | 护理学 | 会计学 | 国际税收 | 金融审计
贵州,历史类,657,99.44,430,985,ERROR,MODEL_SEGMENT_HIGH,高分段使用模型估算一分一段，位次不可用于填报,清华大学 | 北京大学 | 复旦大学 | 上海交通大学 | 浙江大学,电子商务 | 护理学 | 会计学 | 国际税收 | 金融审计
贵州,历史类,682,99.63,286,C9,ERROR,MODEL_SEGMENT_HIGH,高分段使用模型估算一分一段，位次不可用于填报,清华大学 | 北京大学 | 复旦大学 | 上海交通大学 | 浙江大学,电子商务 | 护理学 | 会计学 | 国际税收 | 金融审计
贵州,历史类,697,99.72,220,C9,ERROR,MODEL_SEGMENT_HIGH,高分段使用模型估算一分一段，位次不可用于填报,清华大学 | 北京大学 | 复旦大学 | 上海交通大学 | 浙江大学,电子商务 | 护理学 | 会计学 | 国际税收 | 金融审计
贵州,历史类,707,99.77,180,C9,ERROR,MODEL_SEGMENT_HIGH,高分段使用模型估算一分一段，位次不可用于填报,清华大学 | 北京大学 | 复旦大学 | 上海交通大学 | 浙江大学,电子商务 | 护理学 | 会计学 | 国际税收 | 金融审计
贵州,历史类,732,99.9,80,C9,ERROR,MODEL_SEGMENT_HIGH,高分段使用模型估算一分一段，位次不可用于填报,清华大学 | 北京大学 | 复旦大学 | 上海交通大学 | 浙江大学,电子商务 | 护理学 | 会计学 | 国际税收 | 金融审计
贵州,历史类,750,99.99,8,C9,ERROR,MODEL_SEGMENT_HIGH,高分段使用模型估算一分一段，位次不可用于填报,清华大学 | 北京大学 | 复旦大学 | 上海交通大学 | 浙江大学,电子商务 | 护理学 | 会计学 | 国际税收 | 金融审计
