省份,科类,分数,百分位,位次,稳妥层次,分段数据源,推荐院校Top10,推荐专业Top12,问题数
上海,物理类,367,5.73,28172,专科,model,,新能源汽车技术 | 计算机网络技术 | 大数据技术 | 现代物流管理 | 作物生产与经营管理 | 茶叶生产与加工技术 | 烟草栽培与加工技术 | 饲草生产技术 | 食用菌生产与加工技术 | 现代农业装备应用技术 | 绿色食品生产技术 | 休闲农业经营与管理,0
上海,物理类,405,20.43,23887,专科,model,,新能源汽车技术 | 计算机网络技术 | 大数据技术 | 现代物流管理 | 作物生产与经营管理 | 茶叶生产与加工技术 | 烟草栽培与加工技术 | 饲草生产技术 | 食用菌生产与加工技术 | 现代农业装备应用技术 | 绿色食品生产技术 | 休闲农业经营与管理,0
上海,物理类,453,54.69,13742,专科,model,,新能源汽车技术 | 计算机网络技术 | 大数据技术 | 现代物流管理 | 作物生产与经营管理 | 茶叶生产与加工技术 | 烟草栽培与加工技术 | 饲草生产技术 | 食用菌生产与加工技术 | 现代农业装备应用技术 | 绿色食品生产技术 | 休闲农业经营与管理,0
上海,物理类,520,93.06,2158,双一流,model,北京邮电大学 | 南京航空航天大学 | 南京理工大学 | 西安电子科技大学 | 北京交通大学 | 合肥工业大学 | 苏州大学 | 郑州大学 | 云南大学 | 新疆大学,新能源汽车技术 | 计算机网络技术 | 大数据技术 | 护理学 | 现代物流管理 | 服装与服饰设计 | 集成电路设计与集成系统 | 网络空间安全 | 机器人工程 | 人工智能 | 临床医学 | 数据科学与大数据技术,1
上海,物理类,560,99.14,263,985,model,清华大学 | 北京大学 | 复旦大学 | 上海交通大学 | 浙江大学 | 南京大学 | 中国科学技术大学 | 哈尔滨工业大学 | 西安交通大学 | 北京航空航天大学,新能源汽车技术 | 计算机网络技术 | 大数据技术 | 护理学 | 现代物流管理 | 服装与服饰设计 | 集成电路设计与集成系统 | 网络空间安全 | 机器人工程 | 人工智能 | 临床医学 | 数据科学与大数据技术,1
上海,物理类,605,99.75,76,C9,model,清华大学 | 北京大学 | 复旦大学 | 上海交通大学 | 浙江大学 | 南京大学 | 中国科学技术大学 | 哈尔滨工业大学 | 西安交通大学 | 北京航空航天大学,新能源汽车技术 | 计算机网络技术 | 大数据技术 | 护理学 | 现代物流管理 | 服装与服饰设计 | 集成电路设计与集成系统 | 网络空间安全 | 机器人工程 | 人工智能 | 临床医学 | 数据科学与大数据技术,1
上海,历史类,367,3.6,12915,专科,model,,电子商务 | 现代物流管理 | 作物生产与经营管理 | 茶叶生产与加工技术 | 烟草栽培与加工技术 | 饲草生产技术 | 食用菌生产与加工技术 | 现代农业装备应用技术 | 绿色食品生产技术 | 休闲农业经营与管理 | 现代农业经济管理 | 农村新型经济组织管理,0
上海,历史类,405,16.39,11248,专科,model,,电子商务 | 现代物流管理 | 作物生产与经营管理 | 茶叶生产与加工技术 | 烟草栽培与加工技术 | 饲草生产技术 | 食用菌生产与加工技术 | 现代农业装备应用技术 | 绿色食品生产技术 | 休闲农业经营与管理 | 现代农业经济管理 | 农村新型经济组织管理,0
上海,历史类,453,50.09,6782,专科,model,,电子商务 | 现代物流管理 | 作物生产与经营管理 | 茶叶生产与加工技术 | 烟草栽培与加工技术 | 饲草生产技术 | 食用菌生产与加工技术 | 现代农业装备应用技术 | 绿色食品生产技术 | 休闲农业经营与管理 | 现代农业经济管理 | 农村新型经济组织管理,0
上海,历史类,520,91.94,1123,一本,model,深圳大学 | 南方科技大学 | 西湖大学 | 宁波大学 | 首都师范大学 | 北京邮电大学 | 南京航空航天大学 | 南京理工大学 | 西安电子科技大学 | 北京交通大学,护理学 | 现代物流管理 | 会计学 | 国际税收 | 金融审计 | 国际经济发展合作 | 纪检监察 | 国际法 | 司法鉴定学 | 国家安全学 | 海外利益安全 | 国际组织与全球治理,1
上海,历史类,560,98.97,142,985,model,清华大学 | 北京大学 | 复旦大学 | 上海交通大学 | 浙江大学 | 南京大学 | 中国科学技术大学 | 哈尔滨工业大学 | 西安交通大学 | 北京航空航天大学,护理学 | 现代物流管理 | 服装与服饰设计 | 会计学 | 国际税收 | 金融审计 | 国际经济发展合作 | 纪检监察 | 国际法 | 司法鉴定学 | 国家安全学 | 海外利益安全,1
上海,历史类,605,99.58,57,C9,model,清华大学 | 北京大学 | 复旦大学 | 上海交通大学 | 浙江大学 | 南京大学 | 中国科学技术大学 | 哈尔滨工业大学 | 西安交通大学 | 北京航空航天大学,护理学 | 现代物流管理 | 服装与服饰设计 | 会计学 | 国际税收 | 金融审计 | 国际经济发展合作 | 纪检监察 | 国际法 | 司法鉴定学 | 国家安全学 | 海外利益安全,1
云南,物理类,395,4.96,185512,专科,model,,新能源汽车技术 | 计算机网络技术 | 大数据技术 | 现代物流管理 | 作物生产与经营管理 | 茶叶生产与加工技术 | 烟草栽培与加工技术 | 饲草生产技术 | 食用菌生产与加工技术 | 现代农业装备应用技术 | 绿色食品生产技术 | 休闲农业经营与管理,0
云南,物理类,433,16.39,163722,专科,model,,新能源汽车技术 | 计算机网络技术 | 大数据技术 | 现代物流管理 | 作物生产与经营管理 | 茶叶生产与加工技术 | 烟草栽培与加工技术 | 饲草生产技术 | 食用菌生产与加工技术 | 现代农业装备应用技术 | 绿色食品生产技术 | 休闲农业经营与管理,0
云南,物理类,462,32.24,133266,专科,model,,新能源汽车技术 | 计算机网络技术 | 大数据技术 | 现代物流管理 | 作物生产与经营管理 | 茶叶生产与加工技术 | 烟草栽培与加工技术 | 饲草生产技术 | 食用菌生产与加工技术 | 现代农业装备应用技术 | 绿色食品生产技术 | 休闲农业经营与管理,0
云南,物理类,510,68.16,63531,二本,model,北京信息科技大学 | 上海第二工业大学 | 重庆文理学院 | 洛阳理工学院 | 安徽建筑大学 | 浙江科技大学 | 西安邮电大学 | 山东理工大学 | 成都工业学院 | 湖北经济学院,新能源汽车技术 | 计算机网络技术 | 大数据技术 | 护理学 | 现代物流管理 | 作物生产与经营管理 | 茶叶生产与加工技术 | 烟草栽培与加工技术 | 饲草生产技术 | 食用菌生产与加工技术 | 现代农业装备应用技术 | 绿色食品生产技术,0
云南,物理类,550,90.8,18292,一本,model,深圳大学 | 南方科技大学 | 西湖大学 | 宁波大学 | 首都师范大学 | 北京邮电大学 | 南京航空航天大学 | 南京理工大学 | 西安电子科技大学 | 北京交通大学,新能源汽车技术 | 计算机网络技术 | 大数据技术 | 护理学 | 现代物流管理 | 服装与服饰设计 | 网络空间安全 | 机器人工程 | 临床医学 | 数据科学与大数据技术 | 金融工程 | 新能源科学与工程,1
云南,物理类,595,96.87,6258,211,model,哈尔滨工业大学 | 西安交通大学 | 北京航空航天大学 | 同济大学 | 华中科技大学 | 武汉大学 | 中山大学 | 电子科技大学 | 北京理工大学 | 东南大学,新能源汽车技术 | 计算机网络技术 | 大数据技术 | 护理学 | 现代物流管理 | 服装与服饰设计 | 集成电路设计与集成系统 | 网络空间安全 | 机器人工程 | 人工智能 | 临床医学 | 数据科学与大数据技术,1
云南,历史类,395,6.85,81746,专科,model,,电子商务 | 现代物流管理 | 作物生产与经营管理 | 茶叶生产与加工技术 | 烟草栽培与加工技术 | 饲草生产技术 | 食用菌生产与加工技术 | 现代农业装备应用技术 | 绿色食品生产技术 | 休闲农业经营与管理 | 现代农业经济管理 | 农村新型经济组织管理,0
云南,历史类,433,20.29,70212,专科,model,,电子商务 | 现代物流管理 | 作物生产与经营管理 | 茶叶生产与加工技术 | 烟草栽培与加工技术 | 饲草生产技术 | 食用菌生产与加工技术 | 现代农业装备应用技术 | 绿色食品生产技术 | 休闲农业经营与管理 | 现代农业经济管理 | 农村新型经济组织管理,0
云南,历史类,462,37.69,55162,专科,model,,电子商务 | 现代物流管理 | 作物生产与经营管理 | 茶叶生产与加工技术 | 烟草栽培与加工技术 | 饲草生产技术 | 食用菌生产与加工技术 | 现代农业装备应用技术 | 绿色食品生产技术 | 休闲农业经营与管理 | 现代农业经济管理 | 农村新型经济组织管理,0
云南,历史类,510,74.53,22971,二本,model,北京信息科技大学 | 上海第二工业大学 | 重庆文理学院 | 洛阳理工学院 | 安徽建筑大学 | 浙江科技大学 | 西安邮电大学 | 山东理工大学 | 成都工业学院 | 湖北经济学院,电子商务 | 护理学 | 现代物流管理 | 作物生产与经营管理 | 茶叶生产与加工技术 | 烟草栽培与加工技术 | 饲草生产技术 | 食用菌生产与加工技术 | 现代农业装备应用技术 | 绿色食品生产技术 | 休闲农业经营与管理 | 现代农业经济管理,0
云南,历史类,550,91.42,7676,一本,model,深圳大学 | 南方科技大学 | 西湖大学 | 宁波大学 | 首都师范大学 | 北京邮电大学 | 南京航空航天大学 | 南京理工大学 | 西安电子科技大学 | 北京交通大学,护理学 | 现代物流管理 | 会计学 | 国际税收 | 金融审计 | 国际经济发展合作 | 纪检监察 | 国际法 | 司法鉴定学 | 国家安全学 | 海外利益安全 | 国际组织与全球治理,1
云南,历史类,595,97.08,2624,211,model,哈尔滨工业大学 | 西安交通大学 | 北京航空航天大学 | 同济大学 | 华中科技大学 | 武汉大学 | 中山大学 | 电子科技大学 | 北京理工大学 | 东南大学,护理学 | 现代物流管理 | 服装与服饰设计 | 会计学 | 国际税收 | 金融审计 | 国际经济发展合作 | 纪检监察 | 国际法 | 司法鉴定学 | 国家安全学 | 海外利益安全,1
内蒙古,物理类,340,3.61,91459,专科,model,,新能源汽车技术 | 计算机网络技术 | 大数据技术 | 现代物流管理 | 作物生产与经营管理 | 茶叶生产与加工技术 | 烟草栽培与加工技术 | 饲草生产技术 | 食用菌生产与加工技术 | 现代农业装备应用技术 | 绿色食品生产技术 | 休闲农业经营与管理,0
内蒙古,物理类,378,11.4,84237,专科,model,,新能源汽车技术 | 计算机网络技术 | 大数据技术 | 现代物流管理 | 作物生产与经营管理 | 茶叶生产与加工技术 | 烟草栽培与加工技术 | 饲草生产技术 | 食用菌生产与加工技术 | 现代农业装备应用技术 | 绿色食品生产技术 | 休闲农业经营与管理,0
内蒙古,物理类,431,34.66,62460,专科,model,,新能源汽车技术 | 计算机网络技术 | 大数据技术 | 现代物流管理 | 作物生产与经营管理 | 茶叶生产与加工技术 | 烟草栽培与加工技术 | 饲草生产技术 | 食用菌生产与加工技术 | 现代农业装备应用技术 | 绿色食品生产技术 | 休闲农业经营与管理,0
内蒙古,物理类,502,78.7,20712,二本,model,首都经济贸易大学 | 浙江工业大学 | 广东工业大学 | 杭州电子科技大学 | 南京工业大学 | 燕山大学 | 昆明理工大学 | 长春理工大学 | 重庆邮电大学 | 上海理工大学,新能源汽车技术 | 计算机网络技术 | 大数据技术 | 护理学 | 现代物流管理 | 新能源科学与工程 | 自动化 | 电子信息工程 | 统计学 | 电气工程及其自动化 | 国际税收 | 金融审计,0
内蒙古,物理类,542,94.15,5661,双一流,model,北京邮电大学 | 南京航空航天大学 | 南京理工大学 | 西安电子科技大学 | 北京交通大学 | 合肥工业大学 | 苏州大学 | 郑州大学 | 云南大学 | 新疆大学,新能源汽车技术 | 计算机网络技术 | 大数据技术 | 护理学 | 现代物流管理 | 服装与服饰设计 | 集成电路设计与集成系统 | 网络空间安全 | 机器人工程 | 人工智能 | 临床医学 | 数据科学与大数据技术,1
内蒙古,物理类,587,97.88,2054,211,model,哈尔滨工业大学 | 西安交通大学 | 北京航空航天大学 | 同济大学 | 华中科技大学 | 武汉大学 | 中山大学 | 电子科技大学 | 北京理工大学 | 东南大学,新能源汽车技术 | 计算机网络技术 | 大数据技术 | 护理学 | 现代物流管理 | 服装与服饰设计 | 集成电路设计与集成系统 | 网络空间安全 | 机器人工程 | 人工智能 | 临床医学 | 数据科学与大数据技术,1
内蒙古,历史类,340,9.22,76164,专科,eol.cn,,电子商务 | 现代物流管理 | 作物生产与经营管理 | 茶叶生产与加工技术 | 烟草栽培与加工技术 | 饲草生产技术 | 食用菌生产与加工技术 | 现代农业装备应用技术 | 绿色食品生产技术 | 休闲农业经营与管理 | 现代农业经济管理 | 农村新型经济组织管理,0
内蒙古,历史类,378,18.71,68309,专科,eol.cn,,电子商务 | 现代物流管理 | 作物生产与经营管理 | 茶叶生产与加工技术 | 烟草栽培与加工技术 | 饲草生产技术 | 食用菌生产与加工技术 | 现代农业装备应用技术 | 绿色食品生产技术 | 休闲农业经营与管理 | 现代农业经济管理 | 农村新型经济组织管理,0
内蒙古,历史类,431,37.89,52328,专科,eol.cn,,电子商务 | 现代物流管理 | 作物生产与经营管理 | 茶叶生产与加工技术 | 烟草栽培与加工技术 | 饲草生产技术 | 食用菌生产与加工技术 | 现代农业装备应用技术 | 绿色食品生产技术 | 休闲农业经营与管理 | 现代农业经济管理 | 农村新型经济组织管理,0
内蒙古,历史类,502,64.29,30181,专科,eol.cn,北京信息科技大学 | 上海第二工业大学 | 重庆文理学院 | 洛阳理工学院 | 安徽建筑大学 | 浙江科技大学 | 西安邮电大学 | 山东理工大学 | 成都工业学院 | 湖北经济学院,电子商务 | 护理学 | 现代物流管理 | 作物生产与经营管理 | 茶叶生产与加工技术 | 烟草栽培与加工技术 | 饲草生产技术 | 食用菌生产与加工技术 | 现代农业装备应用技术 | 绿色食品生产技术 | 休闲农业经营与管理 | 现代农业经济管理,0
内蒙古,历史类,542,77.34,19213,二本,eol.cn,首都经济贸易大学 | 浙江工业大学 | 广东工业大学 | 杭州电子科技大学 | 南京工业大学 | 燕山大学 | 昆明理工大学 | 长春理工大学 | 重庆邮电大学 | 上海理工大学,电子商务 | 护理学 | 现代物流管理 | 会计学 | 国际税收 | 金融审计 | 国际经济发展合作 | 纪检监察 | 国际法 | 司法鉴定学 | 国家安全学 | 海外利益安全,0
内蒙古,历史类,587,89.2,9214,一本,eol.cn,深圳大学 | 南方科技大学 | 西湖大学 | 宁波大学 | 首都师范大学 | 北京邮电大学 | 南京航空航天大学 | 南京理工大学 | 西安电子科技大学 | 北京交通大学,护理学 | 现代物流管理 | 会计学 | 国际税收 | 金融审计 | 国际经济发展合作 | 纪检监察 | 国际法 | 司法鉴定学 | 国家安全学 | 海外利益安全 | 国际组织与全球治理,0
北京,物理类,395,10.68,58553,专科,eol.cn,,新能源汽车技术 | 计算机网络技术 | 大数据技术 | 现代物流管理 | 作物生产与经营管理 | 茶叶生产与加工技术 | 烟草栽培与加工技术 | 饲草生产技术 | 食用菌生产与加工技术 | 现代农业装备应用技术 | 绿色食品生产技术 | 休闲农业经营与管理,0
北京,物理类,433,18.76,53334,专科,eol.cn,,新能源汽车技术 | 计算机网络技术 | 大数据技术 | 现代物流管理 | 作物生产与经营管理 | 茶叶生产与加工技术 | 烟草栽培与加工技术 | 饲草生产技术 | 食用菌生产与加工技术 | 现代农业装备应用技术 | 绿色食品生产技术 | 休闲农业经营与管理,0
北京,物理类,474,32.16,44635,专科,eol.cn,,新能源汽车技术 | 计算机网络技术 | 大数据技术 | 现代物流管理 | 作物生产与经营管理 | 茶叶生产与加工技术 | 烟草栽培与加工技术 | 饲草生产技术 | 食用菌生产与加工技术 | 现代农业装备应用技术 | 绿色食品生产技术 | 休闲农业经营与管理,0
北京,物理类,534,56.15,28968,专科,eol.cn,北京信息科技大学 | 上海第二工业大学 | 重庆文理学院 | 洛阳理工学院 | 安徽建筑大学 | 浙江科技大学 | 西安邮电大学 | 山东理工大学 | 成都工业学院 | 湖北经济学院,新能源汽车技术 | 计算机网络技术 | 大数据技术 | 护理学 | 现代物流管理 | 作物生产与经营管理 | 茶叶生产与加工技术 | 烟草栽培与加工技术 | 饲草生产技术 | 食用菌生产与加工技术 | 现代农业装备应用技术 | 绿色食品生产技术,0
北京,物理类,574,71.93,18613,二本,eol.cn,北京信息科技大学 | 上海第二工业大学 | 重庆文理学院 | 洛阳理工学院 | 安徽建筑大学 | 浙江科技大学 | 西安邮电大学 | 山东理工大学 | 成都工业学院 | 湖北经济学院,新能源汽车技术 | 计算机网络技术 | 大数据技术 | 护理学 | 现代物流管理 | 作物生产与经营管理 | 茶叶生产与加工技术 | 烟草栽培与加工技术 | 饲草生产技术 | 食用菌生产与加工技术 | 现代农业装备应用技术 | 绿色食品生产技术,0
北京,物理类,619,87.25,8530,一本,eol.cn,深圳大学 | 南方科技大学 | 西湖大学 | 宁波大学 | 首都师范大学 | 北京邮电大学 | 南京航空航天大学 | 南京理工大学 | 西安电子科技大学 | 北京交通大学,新能源汽车技术 | 计算机网络技术 | 大数据技术 | 护理学 | 现代物流管理 | 服装与服饰设计 | 网络空间安全 | 机器人工程 | 临床医学 | 数据科学与大数据技术 | 金融工程 | 新能源科学与工程,0
北京,历史类,395,10.68,58553,专科,eol.cn,,电子商务 | 现代物流管理 | 作物生产与经营管理 | 茶叶生产与加工技术 | 烟草栽培与加工技术 | 饲草生产技术 | 食用菌生产与加工技术 | 现代农业装备应用技术 | 绿色食品生产技术 | 休闲农业经营与管理 | 现代农业经济管理 | 农村新型经济组织管理,0
北京,历史类,433,18.76,53334,专科,eol.cn,,电子商务 | 现代物流管理 | 作物生产与经营管理 | 茶叶生产与加工技术 | 烟草栽培与加工技术 | 饲草生产技术 | 食用菌生产与加工技术 | 现代农业装备应用技术 | 绿色食品生产技术 | 休闲农业经营与管理 | 现代农业经济管理 | 农村新型经济组织管理,0
北京,历史类,474,32.16,44635,专科,eol.cn,,电子商务 | 现代物流管理 | 作物生产与经营管理 | 茶叶生产与加工技术 | 烟草栽培与加工技术 | 饲草生产技术 | 食用菌生产与加工技术 | 现代农业装备应用技术 | 绿色食品生产技术 | 休闲农业经营与管理 | 现代农业经济管理 | 农村新型经济组织管理,0
北京,历史类,534,56.15,28968,专科,eol.cn,北京信息科技大学 | 上海第二工业大学 | 重庆文理学院 | 洛阳理工学院 | 安徽建筑大学 | 浙江科技大学 | 西安邮电大学 | 山东理工大学 | 成都工业学院 | 湖北经济学院,电子商务 | 护理学 | 现代物流管理 | 作物生产与经营管理 | 茶叶生产与加工技术 | 烟草栽培与加工技术 | 饲草生产技术 | 食用菌生产与加工技术 | 现代农业装备应用技术 | 绿色食品生产技术 | 休闲农业经营与管理 | 现代农业经济管理,0
北京,历史类,574,71.93,18613,二本,eol.cn,北京信息科技大学 | 上海第二工业大学 | 重庆文理学院 | 洛阳理工学院 | 安徽建筑大学 | 浙江科技大学 | 西安邮电大学 | 山东理工大学 | 成都工业学院 | 湖北经济学院,电子商务 | 护理学 | 现代物流管理 | 作物生产与经营管理 | 茶叶生产与加工技术 | 烟草栽培与加工技术 | 饲草生产技术 | 食用菌生产与加工技术 | 现代农业装备应用技术 | 绿色食品生产技术 | 休闲农业经营与管理 | 现代农业经济管理,0
北京,历史类,619,87.25,8530,一本,eol.cn,深圳大学 | 南方科技大学 | 西湖大学 | 宁波大学 | 首都师范大学 | 北京邮电大学 | 南京航空航天大学 | 南京理工大学 | 西安电子科技大学 | 北京交通大学,护理学 | 现代物流管理 | 会计学 | 国际税收 | 金融审计 | 国际经济发展合作 | 纪检监察 | 国际法 | 司法鉴定学 | 国家安全学 | 海外利益安全 | 国际组织与全球治理,0
吉林,物理类,305,3.09,60387,专科,model,,新能源汽车技术 | 计算机网络技术 | 大数据技术 | 现代物流管理 | 作物生产与经营管理 | 茶叶生产与加工技术 | 烟草栽培与加工技术 | 饲草生产技术 | 食用菌生产与加工技术 | 现代农业装备应用技术 | 绿色食品生产技术 | 休闲农业经营与管理,0
吉林,物理类,343,9.48,56492,专科,model,,新能源汽车技术 | 计算机网络技术 | 大数据技术 | 现代物流管理 | 作物生产与经营管理 | 茶叶生产与加工技术 | 烟草栽培与加工技术 | 饲草生产技术 | 食用菌生产与加工技术 | 现代农业装备应用技术 | 绿色食品生产技术 | 休闲农业经营与管理,0
吉林,物理类,409,35.17,40687,专科,model,,新能源汽车技术 | 计算机网络技术 | 大数据技术 | 现代物流管理 | 作物生产与经营管理 | 茶叶生产与加工技术 | 烟草栽培与加工技术 | 饲草生产技术 | 食用菌生产与加工技术 | 现代农业装备应用技术 | 绿色食品生产技术 | 休闲农业经营与管理,0
吉林,物理类,494,82.49,11190,二本,model,首都经济贸易大学 | 浙江工业大学 | 广东工业大学 | 杭州电子科技大学 | 南京工业大学 | 燕山大学 | 昆明理工大学 | 长春理工大学 | 重庆邮电大学 | 上海理工大学,新能源汽车技术 | 计算机网络技术 | 大数据技术 | 护理学 | 现代物流管理 | 新能源科学与工程 | 自动化 | 电子信息工程 | 统计学 | 电气工程及其自动化 | 国际税收 | 金融审计,0
吉林,物理类,534,95.15,3082,双一流,model,北京邮电大学 | 南京航空航天大学 | 南京理工大学 | 西安电子科技大学 | 北京交通大学 | 合肥工业大学 | 苏州大学 | 郑州大学 | 云南大学 | 新疆大学,新能源汽车技术 | 计算机网络技术 | 大数据技术 | 护理学 | 现代物流管理 | 服装与服饰设计 | 集成电路设计与集成系统 | 网络空间安全 | 机器人工程 | 人工智能 | 临床医学 | 数据科学与大数据技术,1
吉林,物理类,579,98.16,1170,211,model,哈尔滨工业大学 | 西安交通大学 | 北京航空航天大学 | 同济大学 | 华中科技大学 | 武汉大学 | 中山大学 | 电子科技大学 | 北京理工大学 | 东南大学,新能源汽车技术 | 计算机网络技术 | 大数据技术 | 护理学 | 现代物流管理 | 服装与服饰设计 | 集成电路设计与集成系统 | 网络空间安全 | 机器人工程 | 人工智能 | 临床医学 | 数据科学与大数据技术,1
吉林,历史类,305,7.46,74530,专科,eol.cn,,电子商务 | 现代物流管理 | 作物生产与经营管理 | 茶叶生产与加工技术 | 烟草栽培与加工技术 | 饲草生产技术 | 食用菌生产与加工技术 | 现代农业装备应用技术 | 绿色食品生产技术 | 休闲农业经营与管理 | 现代农业经济管理 | 农村新型经济组织管理,0
吉林,历史类,343,14.05,69296,专科,eol.cn,,电子商务 | 现代物流管理 | 作物生产与经营管理 | 茶叶生产与加工技术 | 烟草栽培与加工技术 | 饲草生产技术 | 食用菌生产与加工技术 | 现代农业装备应用技术 | 绿色食品生产技术 | 休闲农业经营与管理 | 现代农业经济管理 | 农村新型经济组织管理,0
吉林,历史类,409,33.43,53818,专科,eol.cn,,电子商务 | 现代物流管理 | 作物生产与经营管理 | 茶叶生产与加工技术 | 烟草栽培与加工技术 | 饲草生产技术 | 食用菌生产与加工技术 | 现代农业装备应用技术 | 绿色食品生产技术 | 休闲农业经营与管理 | 现代农业经济管理 | 农村新型经济组织管理,0
吉林,历史类,494,64.35,28947,专科,eol.cn,北京信息科技大学 | 上海第二工业大学 | 重庆文理学院 | 洛阳理工学院 | 安徽建筑大学 | 浙江科技大学 | 西安邮电大学 | 山东理工大学 | 成都工业学院 | 湖北经济学院,电子商务 | 护理学 | 现代物流管理 | 作物生产与经营管理 | 茶叶生产与加工技术 | 烟草栽培与加工技术 | 饲草生产技术 | 食用菌生产与加工技术 | 现代农业装备应用技术 | 绿色食品生产技术 | 休闲农业经营与管理 | 现代农业经济管理,0
吉林,历史类,534,77.03,18713,二本,eol.cn,首都经济贸易大学 | 浙江工业大学 | 广东工业大学 | 杭州电子科技大学 | 南京工业大学 | 燕山大学 | 昆明理工大学 | 长春理工大学 | 重庆邮电大学 | 上海理工大学,电子商务 | 护理学 | 现代物流管理 | 会计学 | 国际税收 | 金融审计 | 国际经济发展合作 | 纪检监察 | 国际法 | 司法鉴定学 | 国家安全学 | 海外利益安全,0
吉林,历史类,579,88.41,9498,一本,eol.cn,深圳大学 | 南方科技大学 | 西湖大学 | 宁波大学 | 首都师范大学 | 北京邮电大学 | 南京航空航天大学 | 南京理工大学 | 西安电子科技大学 | 北京交通大学,护理学 | 现代物流管理 | 会计学 | 国际税收 | 金融审计 | 国际经济发展合作 | 纪检监察 | 国际法 | 司法鉴定学 | 国家安全学 | 海外利益安全 | 国际组织与全球治理,0
四川,物理类,403,36.02,114537,专科,eol.cn,,新能源汽车技术 | 计算机网络技术 | 大数据技术 | 现代物流管理 | 作物生产与经营管理 | 茶叶生产与加工技术 | 烟草栽培与加工技术 | 饲草生产技术 | 食用菌生产与加工技术 | 现代农业装备应用技术 | 绿色食品生产技术 | 休闲农业经营与管理,0
四川,物理类,441,50.11,89458,专科,eol.cn,,新能源汽车技术 | 计算机网络技术 | 大数据技术 | 现代物流管理 | 作物生产与经营管理 | 茶叶生产与加工技术 | 烟草栽培与加工技术 | 饲草生产技术 | 食用菌生产与加工技术 | 现代农业装备应用技术 | 绿色食品生产技术 | 休闲农业经营与管理,0
四川,物理类,478,64.11,64556,专科,eol.cn,北京信息科技大学 | 上海第二工业大学 | 重庆文理学院 | 洛阳理工学院 | 安徽建筑大学 | 浙江科技大学 | 西安邮电大学 | 山东理工大学 | 成都工业学院 | 湖北经济学院,新能源汽车技术 | 计算机网络技术 | 大数据技术 | 护理学 | 现代物流管理 | 作物生产与经营管理 | 茶叶生产与加工技术 | 烟草栽培与加工技术 | 饲草生产技术 | 食用菌生产与加工技术 | 现代农业装备应用技术 | 绿色食品生产技术,0
四川,物理类,533,83.47,29946,二本,eol.cn,首都经济贸易大学 | 浙江工业大学 | 广东工业大学 | 杭州电子科技大学 | 南京工业大学 | 燕山大学 | 昆明理工大学 | 长春理工大学 | 重庆邮电大学 | 上海理工大学,新能源汽车技术 | 计算机网络技术 | 大数据技术 | 护理学 | 现代物流管理 | 新能源科学与工程 | 自动化 | 电子信息工程 | 统计学 | 电气工程及其自动化 | 国际税收 | 金融审计,0
四川,物理类,573,93.25,12340,双一流,eol.cn,北京邮电大学 | 南京航空航天大学 | 南京理工大学 | 西安电子科技大学 | 北京交通大学 | 合肥工业大学 | 苏州大学 | 郑州大学 | 云南大学 | 新疆大学,新能源汽车技术 | 计算机网络技术 | 大数据技术 | 护理学 | 现代物流管理 | 服装与服饰设计 | 集成电路设计与集成系统 | 网络空间安全 | 机器人工程 | 人工智能 | 临床医学 | 数据科学与大数据技术,0
四川,物理类,618,98.65,2514,985,eol.cn,清华大学 | 北京大学 | 复旦大学 | 上海交通大学 | 浙江大学 | 南京大学 | 中国科学技术大学 | 哈尔滨工业大学 | 西安交通大学 | 北京航空航天大学,新能源汽车技术 | 计算机网络技术 | 大数据技术 | 护理学 | 现代物流管理 | 服装与服饰设计 | 集成电路设计与集成系统 | 网络空间安全 | 机器人工程 | 人工智能 | 临床医学 | 数据科学与大数据技术,0
四川,历史类,403,6.8,174285,专科,model,,电子商务 | 现代物流管理 | 作物生产与经营管理 | 茶叶生产与加工技术 | 烟草栽培与加工技术 | 饲草生产技术 | 食用菌生产与加工技术 | 现代农业装备应用技术 | 绿色食品生产技术 | 休闲农业经营与管理 | 现代农业经济管理 | 农村新型经济组织管理,0
四川,历史类,441,20.0,150143,专科,model,,电子商务 | 现代物流管理 | 作物生产与经营管理 | 茶叶生产与加工技术 | 烟草栽培与加工技术 | 饲草生产技术 | 食用菌生产与加工技术 | 现代农业装备应用技术 | 绿色食品生产技术 | 休闲农业经营与管理 | 现代农业经济管理 | 农村新型经济组织管理,0
四川,历史类,478,42.36,108845,专科,model,,电子商务 | 现代物流管理 | 作物生产与经营管理 | 茶叶生产与加工技术 | 烟草栽培与加工技术 | 饲草生产技术 | 食用菌生产与加工技术 | 现代农业装备应用技术 | 绿色食品生产技术 | 休闲农业经营与管理 | 现代农业经济管理 | 农村新型经济组织管理,0
四川,历史类,533,81.6,35498,二本,model,首都经济贸易大学 | 浙江工业大学 | 广东工业大学 | 杭州电子科技大学 | 南京工业大学 | 燕山大学 | 昆明理工大学 | 长春理工大学 | 重庆邮电大学 | 上海理工大学,电子商务 | 护理学 | 现代物流管理 | 会计学 | 国际税收 | 金融审计 | 国际经济发展合作 | 纪检监察 | 国际法 | 司法鉴定学 | 国家安全学 | 海外利益安全,0
四川,历史类,573,94.92,9709,双一流,model,北京邮电大学 | 南京航空航天大学 | 南京理工大学 | 西安电子科技大学 | 北京交通大学 | 合肥工业大学 | 苏州大学 | 郑州大学 | 云南大学 | 新疆大学,护理学 | 现代物流管理 | 会计学 | 国际税收 | 金融审计 | 国际经济发展合作 | 纪检监察 | 国际法 | 司法鉴定学 | 国家安全学 | 海外利益安全 | 国际组织与全球治理,1
四川,历史类,618,98.37,3111,211,model,哈尔滨工业大学 | 西安交通大学 | 北京航空航天大学 | 同济大学 | 华中科技大学 | 武汉大学 | 中山大学 | 电子科技大学 | 北京理工大学 | 东南大学,护理学 | 现代物流管理 | 服装与服饰设计 | 会计学 | 国际税收 | 金融审计 | 国际经济发展合作 | 纪检监察 | 国际法 | 司法鉴定学 | 国家安全学 | 海外利益安全,1
天津,物理类,441,5.44,32070,专科,model,,新能源汽车技术 | 计算机网络技术 | 大数据技术 | 现代物流管理 | 作物生产与经营管理 | 茶叶生产与加工技术 | 烟草栽培与加工技术 | 饲草生产技术 | 食用菌生产与加工技术 | 现代农业装备应用技术 | 绿色食品生产技术 | 休闲农业经营与管理,0
天津,物理类,479,18.98,27586,专科,model,,新能源汽车技术 | 计算机网络技术 | 大数据技术 | 现代物流管理 | 作物生产与经营管理 | 茶叶生产与加工技术 | 烟草栽培与加工技术 | 饲草生产技术 | 食用菌生产与加工技术 | 现代农业装备应用技术 | 绿色食品生产技术 | 休闲农业经营与管理,0
天津,物理类,519,45.48,18706,专科,model,,新能源汽车技术 | 计算机网络技术 | 大数据技术 | 现代物流管理 | 作物生产与经营管理 | 茶叶生产与加工技术 | 烟草栽培与加工技术 | 饲草生产技术 | 食用菌生产与加工技术 | 现代农业装备应用技术 | 绿色食品生产技术 | 休闲农业经营与管理,0
天津,物理类,577,85.72,5002,一本,model,深圳大学 | 南方科技大学 | 西湖大学 | 宁波大学 | 首都师范大学 | 首都经济贸易大学 | 浙江工业大学 | 广东工业大学 | 杭州电子科技大学 | 南京工业大学,新能源汽车技术 | 计算机网络技术 | 大数据技术 | 护理学 | 现代物流管理 | 新能源科学与工程 | 自动化 | 电子信息工程 | 统计学 | 电气工程及其自动化 | 国际税收 | 金融审计,0
天津,物理类,617,97.71,798,211,model,哈尔滨工业大学 | 西安交通大学 | 北京航空航天大学 | 同济大学 | 华中科技大学 | 武汉大学 | 中山大学 | 电子科技大学 | 北京理工大学 | 东南大学,新能源汽车技术 | 计算机网络技术 | 大数据技术 | 护理学 | 现代物流管理 | 服装与服饰设计 | 集成电路设计与集成系统 | 网络空间安全 | 机器人工程 | 人工智能 | 临床医学 | 数据科学与大数据技术,1
天津,物理类,662,99.35,225,985,model,清华大学 | 北京大学 | 复旦大学 | 上海交通大学 | 浙江大学 | 南京大学 | 中国科学技术大学 | 哈尔滨工业大学 | 西安交通大学 | 北京航空航天大学,新能源汽车技术 | 计算机网络技术 | 大数据技术 | 护理学 | 现代物流管理 | 服装与服饰设计 | 集成电路设计与集成系统 | 网络空间安全 | 机器人工程 | 人工智能 | 临床医学 | 数据科学与大数据技术,1
天津,历史类,441,6.06,14270,专科,model,,电子商务 | 现代物流管理 | 作物生产与经营管理 | 茶叶生产与加工技术 | 烟草栽培与加工技术 | 饲草生产技术 | 食用菌生产与加工技术 | 现代农业装备应用技术 | 绿色食品生产技术 | 休闲农业经营与管理 | 现代农业经济管理 | 农村新型经济组织管理,0
天津,历史类,479,20.62,12110,专科,model,,电子商务 | 现代物流管理 | 作物生产与经营管理 | 茶叶生产与加工技术 | 烟草栽培与加工技术 | 饲草生产技术 | 食用菌生产与加工技术 | 现代农业装备应用技术 | 绿色食品生产技术 | 休闲农业经营与管理 | 现代农业经济管理 | 农村新型经济组织管理,0
天津,历史类,519,48.03,7994,专科,model,,电子商务 | 现代物流管理 | 作物生产与经营管理 | 茶叶生产与加工技术 | 烟草栽培与加工技术 | 饲草生产技术 | 食用菌生产与加工技术 | 现代农业装备应用技术 | 绿色食品生产技术 | 休闲农业经营与管理 | 现代农业经济管理 | 农村新型经济组织管理,0
天津,历史类,577,88.49,1822,一本,model,深圳大学 | 南方科技大学 | 西湖大学 | 宁波大学 | 首都师范大学 | 北京邮电大学 | 南京航空航天大学 | 南京理工大学 | 西安电子科技大学 | 北京交通大学,护理学 | 现代物流管理 | 会计学 | 国际税收 | 金融审计 | 国际经济发展合作 | 纪检监察 | 国际法 | 司法鉴定学 | 国家安全学 | 海外利益安全 | 国际组织与全球治理,0
天津,历史类,617,97.84,338,211,model,哈尔滨工业大学 | 西安交通大学 | 北京航空航天大学 | 同济大学 | 华中科技大学 | 武汉大学 | 中山大学 | 电子科技大学 | 北京理工大学 | 东南大学,护理学 | 现代物流管理 | 服装与服饰设计 | 会计学 | 国际税收 | 金融审计 | 国际经济发展合作 | 纪检监察 | 国际法 | 司法鉴定学 | 国家安全学 | 海外利益安全,1
天津,历史类,662,99.36,99,985,model,清华大学 | 北京大学 | 复旦大学 | 上海交通大学 | 浙江大学 | 南京大学 | 中国科学技术大学 | 哈尔滨工业大学 | 西安交通大学 | 北京航空航天大学,护理学 | 现代物流管理 | 服装与服饰设计 | 会计学 | 国际税收 | 金融审计 | 国际经济发展合作 | 纪检监察 | 国际法 | 司法鉴定学 | 国家安全学 | 海外利益安全,1
宁夏,物理类,337,24.94,16159,专科,eol.cn,,新能源汽车技术 | 计算机网络技术 | 大数据技术 | 现代物流管理 | 作物生产与经营管理 | 茶叶生产与加工技术 | 烟草栽培与加工技术 | 饲草生产技术 | 食用菌生产与加工技术 | 现代农业装备应用技术 | 绿色食品生产技术 | 休闲农业经营与管理,0
宁夏,物理类,375,41.71,12577,专科,eol.cn,,新能源汽车技术 | 计算机网络技术 | 大数据技术 | 现代物流管理 | 作物生产与经营管理 | 茶叶生产与加工技术 | 烟草栽培与加工技术 | 饲草生产技术 | 食用菌生产与加工技术 | 现代农业装备应用技术 | 绿色食品生产技术 | 休闲农业经营与管理,0
宁夏,物理类,406,55.96,9521,专科,eol.cn,北京信息科技大学 | 上海第二工业大学 | 重庆文理学院 | 洛阳理工学院 | 安徽建筑大学 | 浙江科技大学 | 西安邮电大学 | 山东理工大学 | 成都工业学院 | 湖北经济学院,新能源汽车技术 | 计算机网络技术 | 大数据技术 | 护理学 | 现代物流管理 | 作物生产与经营管理 | 茶叶生产与加工技术 | 烟草栽培与加工技术 | 饲草生产技术 | 食用菌生产与加工技术 | 现代农业装备应用技术 | 绿色食品生产技术,0
宁夏,物理类,456,75.63,5288,二本,eol.cn,首都经济贸易大学 | 浙江工业大学 | 广东工业大学 | 杭州电子科技大学 | 南京工业大学 | 燕山大学 | 昆明理工大学 | 长春理工大学 | 重庆邮电大学 | 上海理工大学,新能源汽车技术 | 计算机网络技术 | 大数据技术 | 护理学 | 现代物流管理 | 新能源科学与工程 | 自动化 | 电子信息工程 | 统计学 | 电气工程及其自动化 | 国际税收 | 金融审计,0
宁夏,物理类,496,86.93,2845,一本,eol.cn,深圳大学 | 南方科技大学 | 西湖大学 | 宁波大学 | 首都师范大学 | 首都经济贸易大学 | 浙江工业大学 | 广东工业大学 | 杭州电子科技大学 | 南京工业大学,新能源汽车技术 | 计算机网络技术 | 大数据技术 | 护理学 | 现代物流管理 | 新能源科学与工程 | 自动化 | 电子信息工程 | 统计学 | 电气工程及其自动化 | 国际税收 | 金融审计,0
宁夏,物理类,541,94.58,1188,双一流,eol.cn,北京邮电大学 | 南京航空航天大学 | 南京理工大学 | 西安电子科技大学 | 北京交通大学 | 合肥工业大学 | 苏州大学 | 郑州大学 | 云南大学 | 新疆大学,新能源汽车技术 | 计算机网络技术 | 大数据技术 | 护理学 | 现代物流管理 | 服装与服饰设计 | 集成电路设计与集成系统 | 网络空间安全 | 机器人工程 | 人工智能 | 临床医学 | 数据科学与大数据技术,0
宁夏,历史类,337,5.88,15097,专科,model,,电子商务 | 现代物流管理 | 作物生产与经营管理 | 茶叶生产与加工技术 | 烟草栽培与加工技术 | 饲草生产技术 | 食用菌生产与加工技术 | 现代农业装备应用技术 | 绿色食品生产技术 | 休闲农业经营与管理 | 现代农业经济管理 | 农村新型经济组织管理,0
宁夏,历史类,375,16.35,13452,专科,model,,电子商务 | 现代物流管理 | 作物生产与经营管理 | 茶叶生产与加工技术 | 烟草栽培与加工技术 | 饲草生产技术 | 食用菌生产与加工技术 | 现代农业装备应用技术 | 绿色食品生产技术 | 休闲农业经营与管理 | 现代农业经济管理 | 农村新型经济组织管理,0
宁夏,历史类,406,30.85,11160,专科,model,,电子商务 | 现代物流管理 | 作物生产与经营管理 | 茶叶生产与加工技术 | 烟草栽培与加工技术 | 饲草生产技术 | 食用菌生产与加工技术 | 现代农业装备应用技术 | 绿色食品生产技术 | 休闲农业经营与管理 | 现代农业经济管理 | 农村新型经济组织管理,0
宁夏,历史类,456,62.98,6038,专科,model,北京信息科技大学 | 上海第二工业大学 | 重庆文理学院 | 洛阳理工学院 | 安徽建筑大学 | 浙江科技大学 | 西安邮电大学 | 山东理工大学 | 成都工业学院 | 湖北经济学院,电子商务 | 护理学 | 现代物流管理 | 作物生产与经营管理 | 茶叶生产与加工技术 | 烟草栽培与加工技术 | 饲草生产技术 | 食用菌生产与加工技术 | 现代农业装备应用技术 | 绿色食品生产技术 | 休闲农业经营与管理 | 现代农业经济管理,0
宁夏,历史类,496,87.27,2083,一本,model,深圳大学 | 南方科技大学 | 西湖大学 | 宁波大学 | 首都师范大学 | 北京邮电大学 | 南京航空航天大学 | 南京理工大学 | 西安电子科技大学 | 北京交通大学,护理学 | 现代物流管理 | 会计学 | 国际税收 | 金融审计 | 国际经济发展合作 | 纪检监察 | 国际法 | 司法鉴定学 | 国家安全学 | 海外利益安全 | 国际组织与全球治理,0
宁夏,历史类,541,94.6,882,双一流,model,北京邮电大学 | 南京航空航天大学 | 南京理工大学 | 西安电子科技大学 | 北京交通大学 | 合肥工业大学 | 苏州大学 | 郑州大学 | 云南大学 | 新疆大学,护理学 | 现代物流管理 | 会计学 | 国际税收 | 金融审计 | 国际经济发展合作 | 纪检监察 | 国际法 | 司法鉴定学 | 国家安全学 | 海外利益安全 | 国际组织与全球治理,1
安徽,物理类,426,28.24,71453,专科,eol.cn,,新能源汽车技术 | 计算机网络技术 | 大数据技术 | 现代物流管理 | 作物生产与经营管理 | 茶叶生产与加工技术 | 烟草栽培与加工技术 | 饲草生产技术 | 食用菌生产与加工技术 | 现代农业装备应用技术 | 绿色食品生产技术 | 休闲农业经营与管理,0
安徽,物理类,464,47.85,52063,专科,eol.cn,,新能源汽车技术 | 计算机网络技术 | 大数据技术 | 现代物流管理 | 作物生产与经营管理 | 茶叶生产与加工技术 | 烟草栽培与加工技术 | 饲草生产技术 | 食用菌生产与加工技术 | 现代农业装备应用技术 | 绿色食品生产技术 | 休闲农业经营与管理,0
安徽,物理类,487,59.3,40730,专科,eol.cn,北京信息科技大学 | 上海第二工业大学 | 重庆文理学院 | 洛阳理工学院 | 安徽建筑大学 | 浙江科技大学 | 西安邮电大学 | 山东理工大学 | 成都工业学院 | 湖北经济学院,新能源汽车技术 | 计算机网络技术 | 大数据技术 | 护理学 | 现代物流管理 | 作物生产与经营管理 | 茶叶生产与加工技术 | 烟草栽培与加工技术 | 饲草生产技术 | 食用菌生产与加工技术 | 现代农业装备应用技术 | 绿色食品生产技术,0
安徽,物理类,529,78.02,22104,二本,eol.cn,首都经济贸易大学 | 浙江工业大学 | 广东工业大学 | 杭州电子科技大学 | 南京工业大学 | 燕山大学 | 昆明理工大学 | 长春理工大学 | 重庆邮电大学 | 上海理工大学,新能源汽车技术 | 计算机网络技术 | 大数据技术 | 护理学 | 现代物流管理 | 新能源科学与工程 | 自动化 | 电子信息工程 | 统计学 | 电气工程及其自动化 | 国际税收 | 金融审计,0
安徽,物理类,569,90.4,9732,一本,eol.cn,深圳大学 | 南方科技大学 | 西湖大学 | 宁波大学 | 首都师范大学 | 北京邮电大学 | 南京航空航天大学 | 南京理工大学 | 西安电子科技大学 | 北京交通大学,新能源汽车技术 | 计算机网络技术 | 大数据技术 | 护理学 | 现代物流管理 | 服装与服饰设计 | 网络空间安全 | 机器人工程 | 临床医学 | 数据科学与大数据技术 | 金融工程 | 新能源科学与工程,0
安徽,物理类,614,97.81,2260,211,eol.cn,哈尔滨工业大学 | 西安交通大学 | 北京航空航天大学 | 同济大学 | 华中科技大学 | 武汉大学 | 中山大学 | 电子科技大学 | 北京理工大学 | 东南大学,新能源汽车技术 | 计算机网络技术 | 大数据技术 | 护理学 | 现代物流管理 | 服装与服饰设计 | 集成电路设计与集成系统 | 网络空间安全 | 机器人工程 | 人工智能 | 临床医学 | 数据科学与大数据技术,0
安徽,历史类,426,4.1,144667,专科,model,,电子商务 | 现代物流管理 | 作物生产与经营管理 | 茶叶生产与加工技术 | 烟草栽培与加工技术 | 饲草生产技术 | 食用菌生产与加工技术 | 现代农业装备应用技术 | 绿色食品生产技术 | 休闲农业经营与管理 | 现代农业经济管理 | 农村新型经济组织管理,0
安徽,历史类,464,16.22,126875,专科,model,,电子商务 | 现代物流管理 | 作物生产与经营管理 | 茶叶生产与加工技术 | 烟草栽培与加工技术 | 饲草生产技术 | 食用菌生产与加工技术 | 现代农业装备应用技术 | 绿色食品生产技术 | 休闲农业经营与管理 | 现代农业经济管理 | 农村新型经济组织管理,0
安徽,历史类,487,29.84,106698,专科,model,,电子商务 | 现代物流管理 | 作物生产与经营管理 | 茶叶生产与加工技术 | 烟草栽培与加工技术 | 饲草生产技术 | 食用菌生产与加工技术 | 现代农业装备应用技术 | 绿色食品生产技术 | 休闲农业经营与管理 | 现代农业经济管理 | 农村新型经济组织管理,0
安徽,历史类,529,64.34,55008,专科,model,北京信息科技大学 | 上海第二工业大学 | 重庆文理学院 | 洛阳理工学院 | 安徽建筑大学 | 浙江科技大学 | 西安邮电大学 | 山东理工大学 | 成都工业学院 | 湖北经济学院,电子商务 | 护理学 | 现代物流管理 | 作物生产与经营管理 | 茶叶生产与加工技术 | 烟草栽培与加工技术 | 饲草生产技术 | 食用菌生产与加工技术 | 现代农业装备应用技术 | 绿色食品生产技术 | 休闲农业经营与管理 | 现代农业经济管理,0
安徽,历史类,569,90.6,14480,一本,model,深圳大学 | 南方科技大学 | 西湖大学 | 宁波大学 | 首都师范大学 | 北京邮电大学 | 南京航空航天大学 | 南京理工大学 | 西安电子科技大学 | 北京交通大学,护理学 | 现代物流管理 | 会计学 | 国际税收 | 金融审计 | 国际经济发展合作 | 纪检监察 | 国际法 | 司法鉴定学 | 国家安全学 | 海外利益安全 | 国际组织与全球治理,1
安徽,历史类,614,97.18,4372,211,model,哈尔滨工业大学 | 西安交通大学 | 北京航空航天大学 | 同济大学 | 华中科技大学 | 武汉大学 | 中山大学 | 电子科技大学 | 北京理工大学 | 东南大学,护理学 | 现代物流管理 | 服装与服饰设计 | 会计学 | 国际税收 | 金融审计 | 国际经济发展合作 | 纪检监察 | 国际法 | 司法鉴定学 | 国家安全学 | 海外利益安全,1
山东,物理类,406,39.69,412839,专科,eol.cn,,新能源汽车技术 | 计算机网络技术 | 大数据技术 | 现代物流管理 | 作物生产与经营管理 | 茶叶生产与加工技术 | 烟草栽培与加工技术 | 饲草生产技术 | 食用菌生产与加工技术 | 现代农业装备应用技术 | 绿色食品生产技术 | 休闲农业经营与管理,0
山东,物理类,444,51.88,330065,专科,eol.cn,,新能源汽车技术 | 计算机网络技术 | 大数据技术 | 现代物流管理 | 作物生产与经营管理 | 茶叶生产与加工技术 | 烟草栽培与加工技术 | 饲草生产技术 | 食用菌生产与加工技术 | 现代农业装备应用技术 | 绿色食品生产技术 | 休闲农业经营与管理,0
山东,物理类,481,65.12,240064,二本,eol.cn,北京信息科技大学 | 上海第二工业大学 | 重庆文理学院 | 洛阳理工学院 | 安徽建筑大学 | 浙江科技大学 | 西安邮电大学 | 山东理工大学 | 成都工业学院 | 湖北经济学院,新能源汽车技术 | 计算机网络技术 | 大数据技术 | 护理学 | 现代物流管理 | 作物生产与经营管理 | 茶叶生产与加工技术 | 烟草栽培与加工技术 | 饲草生产技术 | 食用菌生产与加工技术 | 现代农业装备应用技术 | 绿色食品生产技术,0
山东,物理类,536,83.57,113864,二本,eol.cn,首都经济贸易大学 | 浙江工业大学 | 广东工业大学 | 杭州电子科技大学 | 南京工业大学 | 燕山大学 | 昆明理工大学 | 长春理工大学 | 重庆邮电大学 | 上海理工大学,新能源汽车技术 | 计算机网络技术 | 大数据技术 | 护理学 | 现代物流管理 | 新能源科学与工程 | 自动化 | 电子信息工程 | 统计学 | 电气工程及其自动化 | 国际税收 | 金融审计,0
山东,物理类,576,92.7,50873,一本,eol.cn,深圳大学 | 南方科技大学 | 西湖大学 | 宁波大学 | 首都师范大学 | 北京邮电大学 | 南京航空航天大学 | 南京理工大学 | 西安电子科技大学 | 北京交通大学,新能源汽车技术 | 计算机网络技术 | 大数据技术 | 护理学 | 现代物流管理 | 服装与服饰设计 | 网络空间安全 | 机器人工程 | 临床医学 | 数据科学与大数据技术 | 金融工程 | 新能源科学与工程,0
山东,物理类,621,97.95,14466,211,eol.cn,哈尔滨工业大学 | 西安交通大学 | 北京航空航天大学 | 同济大学 | 华中科技大学 | 武汉大学 | 中山大学 | 电子科技大学 | 北京理工大学 | 东南大学,新能源汽车技术 | 计算机网络技术 | 大数据技术 | 护理学 | 现代物流管理 | 服装与服饰设计 | 集成电路设计与集成系统 | 网络空间安全 | 机器人工程 | 人工智能 | 临床医学 | 数据科学与大数据技术,0
山东,历史类,406,39.69,412839,专科,eol.cn,,电子商务 | 现代物流管理 | 作物生产与经营管理 | 茶叶生产与加工技术 | 烟草栽培与加工技术 | 饲草生产技术 | 食用菌生产与加工技术 | 现代农业装备应用技术 | 绿色食品生产技术 | 休闲农业经营与管理 | 现代农业经济管理 | 农村新型经济组织管理,0
山东,历史类,444,51.88,330065,专科,eol.cn,,电子商务 | 现代物流管理 | 作物生产与经营管理 | 茶叶生产与加工技术 | 烟草栽培与加工技术 | 饲草生产技术 | 食用菌生产与加工技术 | 现代农业装备应用技术 | 绿色食品生产技术 | 休闲农业经营与管理 | 现代农业经济管理 | 农村新型经济组织管理,0
山东,历史类,481,65.12,240064,二本,eol.cn,北京信息科技大学 | 上海第二工业大学 | 重庆文理学院 | 洛阳理工学院 | 安徽建筑大学 | 浙江科技大学 | 西安邮电大学 | 山东理工大学 | 成都工业学院 | 湖北经济学院,电子商务 | 护理学 | 现代物流管理 | 作物生产与经营管理 | 茶叶生产与加工技术 | 烟草栽培与加工技术 | 饲草生产技术 | 食用菌生产与加工技术 | 现代农业装备应用技术 | 绿色食品生产技术 | 休闲农业经营与管理 | 现代农业经济管理,0
山东,历史类,536,83.57,113864,二本,eol.cn,首都经济贸易大学 | 浙江工业大学 | 广东工业大学 | 杭州电子科技大学 | 南京工业大学 | 燕山大学 | 昆明理工大学 | 长春理工大学 | 重庆邮电大学 | 上海理工大学,电子商务 | 护理学 | 现代物流管理 | 会计学 | 国际税收 | 金融审计 | 国际经济发展合作 | 纪检监察 | 国际法 | 司法鉴定学 | 国家安全学 | 海外利益安全,0
山东,历史类,576,92.7,50873,一本,eol.cn,深圳大学 | 南方科技大学 | 西湖大学 | 宁波大学 | 首都师范大学 | 北京邮电大学 | 南京航空航天大学 | 南京理工大学 | 西安电子科技大学 | 北京交通大学,护理学 | 现代物流管理 | 会计学 | 国际税收 | 金融审计 | 国际经济发展合作 | 纪检监察 | 国际法 | 司法鉴定学 | 国家安全学 | 海外利益安全 | 国际组织与全球治理,0
山东,历史类,621,97.95,14466,211,eol.cn,哈尔滨工业大学 | 西安交通大学 | 北京航空航天大学 | 同济大学 | 华中科技大学 | 武汉大学 | 中山大学 | 电子科技大学 | 北京理工大学 | 东南大学,护理学 | 现代物流管理 | 服装与服饰设计 | 会计学 | 国际税收 | 金融审计 | 国际经济发展合作 | 纪检监察 | 国际法 | 司法鉴定学 | 国家安全学 | 海外利益安全,0
山西,物理类,384,4.4,167399,专科,model,,新能源汽车技术 | 计算机网络技术 | 大数据技术 | 现代物流管理 | 作物生产与经营管理 | 茶叶生产与加工技术 | 烟草栽培与加工技术 | 饲草生产技术 | 食用菌生产与加工技术 | 现代农业装备应用技术 | 绿色食品生产技术 | 休闲农业经营与管理,0
山西,物理类,422,14.44,150237,专科,model,,新能源汽车技术 | 计算机网络技术 | 大数据技术 | 现代物流管理 | 作物生产与经营管理 | 茶叶生产与加工技术 | 烟草栽培与加工技术 | 饲草生产技术 | 食用菌生产与加工技术 | 现代农业装备应用技术 | 绿色食品生产技术 | 休闲农业经营与管理,0
山西,物理类,463,35.71,113502,专科,model,,新能源汽车技术 | 计算机网络技术 | 大数据技术 | 现代物流管理 | 作物生产与经营管理 | 茶叶生产与加工技术 | 烟草栽培与加工技术 | 饲草生产技术 | 食用菌生产与加工技术 | 现代农业装备应用技术 | 绿色食品生产技术 | 休闲农业经营与管理,0
山西,物理类,522,76.56,42100,二本,model,首都经济贸易大学 | 浙江工业大学 | 广东工业大学 | 杭州电子科技大学 | 南京工业大学 | 燕山大学 | 昆明理工大学 | 长春理工大学 | 重庆邮电大学 | 上海理工大学,新能源汽车技术 | 计算机网络技术 | 大数据技术 | 护理学 | 现代物流管理 | 新能源科学与工程 | 自动化 | 电子信息工程 | 统计学 | 电气工程及其自动化 | 国际税收 | 金融审计,0
山西,物理类,562,94.09,10566,双一流,model,北京邮电大学 | 南京航空航天大学 | 南京理工大学 | 西安电子科技大学 | 北京交通大学 | 合肥工业大学 | 苏州大学 | 郑州大学 | 云南大学 | 新疆大学,新能源汽车技术 | 计算机网络技术 | 大数据技术 | 护理学 | 现代物流管理 | 服装与服饰设计 | 集成电路设计与集成系统 | 网络空间安全 | 机器人工程 | 人工智能 | 临床医学 | 数据科学与大数据技术,1
山西,物理类,607,98.04,3508,211,model,哈尔滨工业大学 | 西安交通大学 | 北京航空航天大学 | 同济大学 | 华中科技大学 | 武汉大学 | 中山大学 | 电子科技大学 | 北京理工大学 | 东南大学,新能源汽车技术 | 计算机网络技术 | 大数据技术 | 护理学 | 现代物流管理 | 服装与服饰设计 | 集成电路设计与集成系统 | 网络空间安全 | 机器人工程 | 人工智能 | 临床医学 | 数据科学与大数据技术,1
山西,历史类,384,4.87,74861,专科,model,,电子商务 | 现代物流管理 | 作物生产与经营管理 | 茶叶生产与加工技术 | 烟草栽培与加工技术 | 饲草生产技术 | 食用菌生产与加工技术 | 现代农业装备应用技术 | 绿色食品生产技术 | 休闲农业经营与管理 | 现代农业经济管理 | 农村新型经济组织管理,0
山西,历史类,422,15.45,66724,专科,model,,电子商务 | 现代物流管理 | 作物生产与经营管理 | 茶叶生产与加工技术 | 烟草栽培与加工技术 | 饲草生产技术 | 食用菌生产与加工技术 | 现代农业装备应用技术 | 绿色食品生产技术 | 休闲农业经营与管理 | 现代农业经济管理 | 农村新型经济组织管理,0
山西,历史类,463,37.33,49738,专科,model,,电子商务 | 现代物流管理 | 作物生产与经营管理 | 茶叶生产与加工技术 | 烟草栽培与加工技术 | 饲草生产技术 | 食用菌生产与加工技术 | 现代农业装备应用技术 | 绿色食品生产技术 | 休闲农业经营与管理 | 现代农业经济管理 | 农村新型经济组织管理,0
山西,历史类,522,78.27,17570,二本,model,首都经济贸易大学 | 浙江工业大学 | 广东工业大学 | 杭州电子科技大学 | 南京工业大学 | 燕山大学 | 昆明理工大学 | 长春理工大学 | 重庆邮电大学 | 上海理工大学,电子商务 | 护理学 | 现代物流管理 | 会计学 | 国际税收 | 金融审计 | 国际经济发展合作 | 纪检监察 | 国际法 | 司法鉴定学 | 国家安全学 | 海外利益安全,0
山西,历史类,562,94.27,4602,双一流,model,北京邮电大学 | 南京航空航天大学 | 南京理工大学 | 西安电子科技大学 | 北京交通大学 | 合肥工业大学 | 苏州大学 | 郑州大学 | 云南大学 | 新疆大学,护理学 | 现代物流管理 | 会计学 | 国际税收 | 金融审计 | 国际经济发展合作 | 纪检监察 | 国际法 | 司法鉴定学 | 国家安全学 | 海外利益安全 | 国际组织与全球治理,1
山西,历史类,607,98.14,1500,211,model,哈尔滨工业大学 | 西安交通大学 | 北京航空航天大学 | 同济大学 | 华中科技大学 | 武汉大学 | 中山大学 | 电子科技大学 | 北京理工大学 | 东南大学,护理学 | 现代物流管理 | 服装与服饰设计 | 会计学 | 国际税收 | 金融审计 | 国际经济发展合作 | 纪检监察 | 国际法 | 司法鉴定学 | 国家安全学 | 海外利益安全,1
广东,物理类,401,4.53,363236,专科,model,,新能源汽车技术 | 计算机网络技术 | 大数据技术 | 现代物流管理 | 作物生产与经营管理 | 茶叶生产与加工技术 | 烟草栽培与加工技术 | 饲草生产技术 | 食用菌生产与加工技术 | 现代农业装备应用技术 | 绿色食品生产技术 | 休闲农业经营与管理,0
广东,物理类,439,15.14,323837,专科,model,,新能源汽车技术 | 计算机网络技术 | 大数据技术 | 现代物流管理 | 作物生产与经营管理 | 茶叶生产与加工技术 | 烟草栽培与加工技术 | 饲草生产技术 | 食用菌生产与加工技术 | 现代农业装备应用技术 | 绿色食品生产技术 | 休闲农业经营与管理,0
广东,物理类,485,40.74,227639,专科,model,,新能源汽车技术 | 计算机网络技术 | 大数据技术 | 现代物流管理 | 作物生产与经营管理 | 茶叶生产与加工技术 | 烟草栽培与加工技术 | 饲草生产技术 | 食用菌生产与加工技术 | 现代农业装备应用技术 | 绿色食品生产技术 | 休闲农业经营与管理,0
广东,物理类,549,83.16,65964,二本,model,首都经济贸易大学 | 浙江工业大学 | 广东工业大学 | 杭州电子科技大学 | 南京工业大学 | 燕山大学 | 昆明理工大学 | 长春理工大学 | 重庆邮电大学 | 上海理工大学,新能源汽车技术 | 计算机网络技术 | 大数据技术 | 护理学 | 现代物流管理 | 新能源科学与工程 | 自动化 | 电子信息工程 | 统计学 | 电气工程及其自动化 | 国际税收 | 金融审计,0
广东,物理类,589,96.52,13570,211,model,哈尔滨工业大学 | 西安交通大学 | 北京航空航天大学 | 同济大学 | 华中科技大学 | 武汉大学 | 中山大学 | 电子科技大学 | 北京理工大学 | 东南大学,新能源汽车技术 | 计算机网络技术 | 大数据技术 | 护理学 | 现代物流管理 | 服装与服饰设计 | 集成电路设计与集成系统 | 网络空间安全 | 机器人工程 | 人工智能 | 临床医学 | 数据科学与大数据技术,1
广东,物理类,634,98.9,4282,985,model,清华大学 | 北京大学 | 复旦大学 | 上海交通大学 | 浙江大学 | 南京大学 | 中国科学技术大学 | 哈尔滨工业大学 | 西安交通大学 | 北京航空航天大学,新能源汽车技术 | 计算机网络技术 | 大数据技术 | 护理学 | 现代物流管理 | 服装与服饰设计 | 集成电路设计与集成系统 | 网络空间安全 | 机器人工程 | 人工智能 | 临床医学 | 数据科学与大数据技术,1
广东,历史类,401,4.8,162914,专科,model,,电子商务 | 现代物流管理 | 作物生产与经营管理 | 茶叶生产与加工技术 | 烟草栽培与加工技术 | 饲草生产技术 | 食用菌生产与加工技术 | 现代农业装备应用技术 | 绿色食品生产技术 | 休闲农业经营与管理 | 现代农业经济管理 | 农村新型经济组织管理,0
广东,历史类,439,15.82,144498,专科,model,,电子商务 | 现代物流管理 | 作物生产与经营管理 | 茶叶生产与加工技术 | 烟草栽培与加工技术 | 饲草生产技术 | 食用菌生产与加工技术 | 现代农业装备应用技术 | 绿色食品生产技术 | 休闲农业经营与管理 | 现代农业经济管理 | 农村新型经济组织管理,0
广东,历史类,485,42.16,99981,专科,model,,电子商务 | 现代物流管理 | 作物生产与经营管理 | 茶叶生产与加工技术 | 烟草栽培与加工技术 | 饲草生产技术 | 食用菌生产与加工技术 | 现代农业装备应用技术 | 绿色食品生产技术 | 休闲农业经营与管理 | 现代农业经济管理 | 农村新型经济组织管理,0
广东,历史类,549,85.38,25879,一本,model,深圳大学 | 南方科技大学 | 西湖大学 | 宁波大学 | 首都师范大学 | 首都经济贸易大学 | 浙江工业大学 | 广东工业大学 | 杭州电子科技大学 | 南京工业大学,护理学 | 现代物流管理 | 会计学 | 国际税收 | 金融审计 | 国际经济发展合作 | 纪检监察 | 国际法 | 司法鉴定学 | 国家安全学 | 海外利益安全 | 国际组织与全球治理,0
广东,历史类,589,96.49,6144,211,model,哈尔滨工业大学 | 西安交通大学 | 北京航空航天大学 | 同济大学 | 华中科技大学 | 武汉大学 | 中山大学 | 电子科技大学 | 北京理工大学 | 东南大学,护理学 | 现代物流管理 | 服装与服饰设计 | 会计学 | 国际税收 | 金融审计 | 国际经济发展合作 | 纪检监察 | 国际法 | 司法鉴定学 | 国家安全学 | 海外利益安全,1
广东,历史类,634,98.9,1921,985,model,清华大学 | 北京大学 | 复旦大学 | 上海交通大学 | 浙江大学 | 南京大学 | 中国科学技术大学 | 哈尔滨工业大学 | 西安交通大学 | 北京航空航天大学,护理学 | 现代物流管理 | 服装与服饰设计 | 会计学 | 国际税收 | 金融审计 | 国际经济发展合作 | 纪检监察 | 国际法 | 司法鉴定学 | 国家安全学 | 海外利益安全,1
广西,物理类,335,26.33,88255,专科,eol.cn,,新能源汽车技术 | 计算机网络技术 | 大数据技术 | 现代物流管理 | 作物生产与经营管理 | 茶叶生产与加工技术 | 烟草栽培与加工技术 | 饲草生产技术 | 食用菌生产与加工技术 | 现代农业装备应用技术 | 绿色食品生产技术 | 休闲农业经营与管理,0
广西,物理类,373,42.38,69190,专科,eol.cn,,新能源汽车技术 | 计算机网络技术 | 大数据技术 | 现代物流管理 | 作物生产与经营管理 | 茶叶生产与加工技术 | 烟草栽培与加工技术 | 饲草生产技术 | 食用菌生产与加工技术 | 现代农业装备应用技术 | 绿色食品生产技术 | 休闲农业经营与管理,0
广西,物理类,432,65.89,41075,二本,eol.cn,北京信息科技大学 | 上海第二工业大学 | 重庆文理学院 | 洛阳理工学院 | 安徽建筑大学 | 浙江科技大学 | 西安邮电大学 | 山东理工大学 | 成都工业学院 | 湖北经济学院,新能源汽车技术 | 计算机网络技术 | 大数据技术 | 护理学 | 现代物流管理 | 作物生产与经营管理 | 茶叶生产与加工技术 | 烟草栽培与加工技术 | 饲草生产技术 | 食用菌生产与加工技术 | 现代农业装备应用技术 | 绿色食品生产技术,0
广西,物理类,510,87.64,14972,一本,eol.cn,深圳大学 | 南方科技大学 | 西湖大学 | 宁波大学 | 首都师范大学 | 北京邮电大学 | 南京航空航天大学 | 南京理工大学 | 西安电子科技大学 | 北京交通大学,新能源汽车技术 | 计算机网络技术 | 大数据技术 | 护理学 | 现代物流管理 | 服装与服饰设计 | 网络空间安全 | 机器人工程 | 临床医学 | 数据科学与大数据技术 | 金融工程 | 新能源科学与工程,0
广西,物理类,550,94.37,6869,双一流,eol.cn,北京邮电大学 | 南京航空航天大学 | 南京理工大学 | 西安电子科技大学 | 北京交通大学 | 合肥工业大学 | 苏州大学 | 郑州大学 | 云南大学 | 新疆大学,新能源汽车技术 | 计算机网络技术 | 大数据技术 | 护理学 | 现代物流管理 | 服装与服饰设计 | 集成电路设计与集成系统 | 网络空间安全 | 机器人工程 | 人工智能 | 临床医学 | 数据科学与大数据技术,0
广西,物理类,595,98.45,1913,211,eol.cn,哈尔滨工业大学 | 西安交通大学 | 北京航空航天大学 | 同济大学 | 华中科技大学 | 武汉大学 | 中山大学 | 电子科技大学 | 北京理工大学 | 东南大学,新能源汽车技术 | 计算机网络技术 | 大数据技术 | 护理学 | 现代物流管理 | 服装与服饰设计 | 集成电路设计与集成系统 | 网络空间安全 | 机器人工程 | 人工智能 | 临床医学 | 数据科学与大数据技术,0
广西,历史类,335,3.91,99395,专科,model,,电子商务 | 现代物流管理 | 作物生产与经营管理 | 茶叶生产与加工技术 | 烟草栽培与加工技术 | 饲草生产技术 | 食用菌生产与加工技术 | 现代农业装备应用技术 | 绿色食品生产技术 | 休闲农业经营与管理 | 现代农业经济管理 | 农村新型经济组织管理,0
广西,历史类,373,11.65,91554,专科,model,,电子商务 | 现代物流管理 | 作物生产与经营管理 | 茶叶生产与加工技术 | 烟草栽培与加工技术 | 饲草生产技术 | 食用菌生产与加工技术 | 现代农业装备应用技术 | 绿色食品生产技术 | 休闲农业经营与管理 | 现代农业经济管理 | 农村新型经济组织管理,0
广西,历史类,432,37.4,65252,专科,model,,电子商务 | 现代物流管理 | 作物生产与经营管理 | 茶叶生产与加工技术 | 烟草栽培与加工技术 | 饲草生产技术 | 食用菌生产与加工技术 | 现代农业装备应用技术 | 绿色食品生产技术 | 休闲农业经营与管理 | 现代农业经济管理 | 农村新型经济组织管理,0
广西,历史类,510,82.22,18854,二本,model,首都经济贸易大学 | 浙江工业大学 | 广东工业大学 | 杭州电子科技大学 | 南京工业大学 | 燕山大学 | 昆明理工大学 | 长春理工大学 | 重庆邮电大学 | 上海理工大学,电子商务 | 护理学 | 现代物流管理 | 会计学 | 国际税收 | 金融审计 | 国际经济发展合作 | 纪检监察 | 国际法 | 司法鉴定学 | 国家安全学 | 海外利益安全,0
广西,历史类,550,95.6,4649,双一流,model,北京邮电大学 | 南京航空航天大学 | 南京理工大学 | 西安电子科技大学 | 北京交通大学 | 合肥工业大学 | 苏州大学 | 郑州大学 | 云南大学 | 新疆大学,护理学 | 现代物流管理 | 会计学 | 国际税收 | 金融审计 | 国际经济发展合作 | 纪检监察 | 国际法 | 司法鉴定学 | 国家安全学 | 海外利益安全 | 国际组织与全球治理,1
广西,历史类,595,98.4,1698,211,model,哈尔滨工业大学 | 西安交通大学 | 北京航空航天大学 | 同济大学 | 华中科技大学 | 武汉大学 | 中山大学 | 电子科技大学 | 北京理工大学 | 东南大学,护理学 | 现代物流管理 | 服装与服饰设计 | 会计学 | 国际税收 | 金融审计 | 国际经济发展合作 | 纪检监察 | 国际法 | 司法鉴定学 | 国家安全学 | 海外利益安全,1
新疆,物理类,245,2.7,101978,专科,model,,新能源汽车技术 | 计算机网络技术 | 大数据技术 | 现代物流管理 | 作物生产与经营管理 | 茶叶生产与加工技术 | 烟草栽培与加工技术 | 饲草生产技术 | 食用菌生产与加工技术 | 现代农业装备应用技术 | 绿色食品生产技术 | 休闲农业经营与管理,0
新疆,物理类,283,7.94,96602,专科,model,,新能源汽车技术 | 计算机网络技术 | 大数据技术 | 现代物流管理 | 作物生产与经营管理 | 茶叶生产与加工技术 | 烟草栽培与加工技术 | 饲草生产技术 | 食用菌生产与加工技术 | 现代农业装备应用技术 | 绿色食品生产技术 | 休闲农业经营与管理,0
新疆,物理类,350,29.32,74483,专科,model,,新能源汽车技术 | 计算机网络技术 | 大数据技术 | 现代物流管理 | 作物生产与经营管理 | 茶叶生产与加工技术 | 烟草栽培与加工技术 | 饲草生产技术 | 食用菌生产与加工技术 | 现代农业装备应用技术 | 绿色食品生产技术 | 休闲农业经营与管理,0
新疆,物理类,436,75.41,26304,二本,model,首都经济贸易大学 | 浙江工业大学 | 广东工业大学 | 杭州电子科技大学 | 南京工业大学 | 燕山大学 | 昆明理工大学 | 长春理工大学 | 重庆邮电大学 | 上海理工大学,新能源汽车技术 | 计算机网络技术 | 大数据技术 | 护理学 | 现代物流管理 | 新能源科学与工程 | 自动化 | 电子信息工程 | 统计学 | 电气工程及其自动化 | 国际税收 | 金融审计,0
新疆,物理类,476,90.98,9595,一本,model,深圳大学 | 南方科技大学 | 西湖大学 | 宁波大学 | 首都师范大学 | 北京邮电大学 | 南京航空航天大学 | 南京理工大学 | 西安电子科技大学 | 北京交通大学,新能源汽车技术 | 计算机网络技术 | 大数据技术 | 护理学 | 现代物流管理 | 服装与服饰设计 | 网络空间安全 | 机器人工程 | 临床医学 | 数据科学与大数据技术 | 金融工程 | 新能源科学与工程,1
新疆,物理类,521,95.84,4438,双一流,model,北京邮电大学 | 南京航空航天大学 | 南京理工大学 | 西安电子科技大学 | 北京交通大学 | 合肥工业大学 | 苏州大学 | 郑州大学 | 云南大学 | 新疆大学,新能源汽车技术 | 计算机网络技术 | 大数据技术 | 护理学 | 现代物流管理 | 服装与服饰设计 | 集成电路设计与集成系统 | 网络空间安全 | 机器人工程 | 人工智能 | 临床医学 | 数据科学与大数据技术,1
新疆,历史类,245,3.82,45251,专科,model,,电子商务 | 现代物流管理 | 作物生产与经营管理 | 茶叶生产与加工技术 | 烟草栽培与加工技术 | 饲草生产技术 | 食用菌生产与加工技术 | 现代农业装备应用技术 | 绿色食品生产技术 | 休闲农业经营与管理 | 现代农业经济管理 | 农村新型经济组织管理,0
新疆,历史类,283,9.97,42410,专科,model,,电子商务 | 现代物流管理 | 作物生产与经营管理 | 茶叶生产与加工技术 | 烟草栽培与加工技术 | 饲草生产技术 | 食用菌生产与加工技术 | 现代农业装备应用技术 | 绿色食品生产技术 | 休闲农业经营与管理 | 现代农业经济管理 | 农村新型经济组织管理,0
新疆,历史类,350,33.27,31581,专科,model,,电子商务 | 现代物流管理 | 作物生产与经营管理 | 茶叶生产与加工技术 | 烟草栽培与加工技术 | 饲草生产技术 | 食用菌生产与加工技术 | 现代农业装备应用技术 | 绿色食品生产技术 | 休闲农业经营与管理 | 现代农业经济管理 | 农村新型经济组织管理,0
新疆,历史类,436,79.23,10001,二本,model,首都经济贸易大学 | 浙江工业大学 | 广东工业大学 | 杭州电子科技大学 | 南京工业大学 | 燕山大学 | 昆明理工大学 | 长春理工大学 | 重庆邮电大学 | 上海理工大学,电子商务 | 护理学 | 现代物流管理 | 会计学 | 国际税收 | 金融审计 | 国际经济发展合作 | 纪检监察 | 国际法 | 司法鉴定学 | 国家安全学 | 海外利益安全,0
新疆,历史类,476,91.73,3950,一本,model,深圳大学 | 南方科技大学 | 西湖大学 | 宁波大学 | 首都师范大学 | 北京邮电大学 | 南京航空航天大学 | 南京理工大学 | 西安电子科技大学 | 北京交通大学,护理学 | 现代物流管理 | 会计学 | 国际税收 | 金融审计 | 国际经济发展合作 | 纪检监察 | 国际法 | 司法鉴定学 | 国家安全学 | 海外利益安全 | 国际组织与全球治理,1
新疆,历史类,521,96.21,1814,211,model,哈尔滨工业大学 | 西安交通大学 | 北京航空航天大学 | 同济大学 | 华中科技大学 | 武汉大学 | 中山大学 | 电子科技大学 | 北京理工大学 | 东南大学,护理学 | 现代物流管理 | 服装与服饰设计 | 会计学 | 国际税收 | 金融审计 | 国际经济发展合作 | 纪检监察 | 国际法 | 司法鉴定学 | 国家安全学 | 海外利益安全,1
江苏,物理类,464,0.95,204990,专科,eol.cn,,新能源汽车技术 | 计算机网络技术 | 大数据技术 | 现代物流管理 | 作物生产与经营管理 | 茶叶生产与加工技术 | 烟草栽培与加工技术 | 饲草生产技术 | 食用菌生产与加工技术 | 现代农业装备应用技术 | 绿色食品生产技术 | 休闲农业经营与管理,0
江苏,物理类,466,1.9,203040,专科,eol.cn,,新能源汽车技术 | 计算机网络技术 | 大数据技术 | 现代物流管理 | 作物生产与经营管理 | 茶叶生产与加工技术 | 烟草栽培与加工技术 | 饲草生产技术 | 食用菌生产与加工技术 | 现代农业装备应用技术 | 绿色食品生产技术 | 休闲农业经营与管理,0
江苏,物理类,491,15.14,176007,专科,eol.cn,,新能源汽车技术 | 计算机网络技术 | 大数据技术 | 现代物流管理 | 作物生产与经营管理 | 茶叶生产与加工技术 | 烟草栽培与加工技术 | 饲草生产技术 | 食用菌生产与加工技术 | 现代农业装备应用技术 | 绿色食品生产技术 | 休闲农业经营与管理,0
江苏,物理类,534,43.18,118421,专科,eol.cn,,新能源汽车技术 | 计算机网络技术 | 大数据技术 | 现代物流管理 | 作物生产与经营管理 | 茶叶生产与加工技术 | 烟草栽培与加工技术 | 饲草生产技术 | 食用菌生产与加工技术 | 现代农业装备应用技术 | 绿色食品生产技术 | 休闲农业经营与管理,0
江苏,物理类,574,68.63,65817,二本,eol.cn,北京信息科技大学 | 上海第二工业大学 | 重庆文理学院 | 洛阳理工学院 | 安徽建筑大学 | 浙江科技大学 | 西安邮电大学 | 山东理工大学 | 成都工业学院 | 湖北经济学院,新能源汽车技术 | 计算机网络技术 | 大数据技术 | 护理学 | 现代物流管理 | 作物生产与经营管理 | 茶叶生产与加工技术 | 烟草栽培与加工技术 | 饲草生产技术 | 食用菌生产与加工技术 | 现代农业装备应用技术 | 绿色食品生产技术,0
江苏,物理类,619,89.62,22075,一本,eol.cn,深圳大学 | 南方科技大学 | 西湖大学 | 宁波大学 | 首都师范大学 | 北京邮电大学 | 南京航空航天大学 | 南京理工大学 | 西安电子科技大学 | 北京交通大学,新能源汽车技术 | 计算机网络技术 | 大数据技术 | 护理学 | 现代物流管理 | 服装与服饰设计 | 网络空间安全 | 机器人工程 | 临床医学 | 数据科学与大数据技术 | 金融工程 | 新能源科学与工程,0
江苏,历史类,428,5.27,101713,专科,model,,电子商务 | 现代物流管理 | 作物生产与经营管理 | 茶叶生产与加工技术 | 烟草栽培与加工技术 | 饲草生产技术 | 食用菌生产与加工技术 | 现代农业装备应用技术 | 绿色食品生产技术 | 休闲农业经营与管理 | 现代农业经济管理 | 农村新型经济组织管理,0
江苏,历史类,466,18.37,87999,专科,model,,电子商务 | 现代物流管理 | 作物生产与经营管理 | 茶叶生产与加工技术 | 烟草栽培与加工技术 | 饲草生产技术 | 食用菌生产与加工技术 | 现代农业装备应用技术 | 绿色食品生产技术 | 休闲农业经营与管理 | 现代农业经济管理 | 农村新型经济组织管理,0
江苏,历史类,491,33.5,72000,专科,model,,电子商务 | 现代物流管理 | 作物生产与经营管理 | 茶叶生产与加工技术 | 烟草栽培与加工技术 | 饲草生产技术 | 食用菌生产与加工技术 | 现代农业装备应用技术 | 绿色食品生产技术 | 休闲农业经营与管理 | 现代农业经济管理 | 农村新型经济组织管理,0
江苏,历史类,534,66.96,36240,二本,model,北京信息科技大学 | 上海第二工业大学 | 重庆文理学院 | 洛阳理工学院 | 安徽建筑大学 | 浙江科技大学 | 西安邮电大学 | 山东理工大学 | 成都工业学院 | 湖北经济学院,电子商务 | 护理学 | 现代物流管理 | 作物生产与经营管理 | 茶叶生产与加工技术 | 烟草栽培与加工技术 | 饲草生产技术 | 食用菌生产与加工技术 | 现代农业装备应用技术 | 绿色食品生产技术 | 休闲农业经营与管理 | 现代农业经济管理,0
江苏,历史类,574,92.43,8425,一本,model,深圳大学 | 南方科技大学 | 西湖大学 | 宁波大学 | 首都师范大学 | 北京邮电大学 | 南京航空航天大学 | 南京理工大学 | 西安电子科技大学 | 北京交通大学,护理学 | 现代物流管理 | 会计学 | 国际税收 | 金融审计 | 国际经济发展合作 | 纪检监察 | 国际法 | 司法鉴定学 | 国家安全学 | 海外利益安全 | 国际组织与全球治理,1
江苏,历史类,619,97.88,2340,211,model,哈尔滨工业大学 | 西安交通大学 | 北京航空航天大学 | 同济大学 | 华中科技大学 | 武汉大学 | 中山大学 | 电子科技大学 | 北京理工大学 | 东南大学,护理学 | 现代物流管理 | 服装与服饰设计 | 会计学 | 国际税收 | 金融审计 | 国际经济发展合作 | 纪检监察 | 国际法 | 司法鉴定学 | 国家安全学 | 海外利益安全,1
江西,物理类,394,4.75,262235,专科,model,,新能源汽车技术 | 计算机网络技术 | 大数据技术 | 现代物流管理 | 作物生产与经营管理 | 茶叶生产与加工技术 | 烟草栽培与加工技术 | 饲草生产技术 | 食用菌生产与加工技术 | 现代农业装备应用技术 | 绿色食品生产技术 | 休闲农业经营与管理,0
江西,物理类,432,15.66,232910,专科,model,,新能源汽车技术 | 计算机网络技术 | 大数据技术 | 现代物流管理 | 作物生产与经营管理 | 茶叶生产与加工技术 | 烟草栽培与加工技术 | 饲草生产技术 | 食用菌生产与加工技术 | 现代农业装备应用技术 | 绿色食品生产技术 | 休闲农业经营与管理,0
江西,物理类,467,34.62,181476,专科,model,,新能源汽车技术 | 计算机网络技术 | 大数据技术 | 现代物流管理 | 作物生产与经营管理 | 茶叶生产与加工技术 | 烟草栽培与加工技术 | 饲草生产技术 | 食用菌生产与加工技术 | 现代农业装备应用技术 | 绿色食品生产技术 | 休闲农业经营与管理,0
江西,物理类,520,73.15,75739,二本,model,北京信息科技大学 | 上海第二工业大学 | 重庆文理学院 | 洛阳理工学院 | 安徽建筑大学 | 浙江科技大学 | 西安邮电大学 | 山东理工大学 | 成都工业学院 | 湖北经济学院,新能源汽车技术 | 计算机网络技术 | 大数据技术 | 护理学 | 现代物流管理 | 作物生产与经营管理 | 茶叶生产与加工技术 | 烟草栽培与加工技术 | 饲草生产技术 | 食用菌生产与加工技术 | 现代农业装备应用技术 | 绿色食品生产技术,0
江西,物理类,560,92.97,19759,一本,model,深圳大学 | 南方科技大学 | 西湖大学 | 宁波大学 | 首都师范大学 | 北京邮电大学 | 南京航空航天大学 | 南京理工大学 | 西安电子科技大学 | 北京交通大学,新能源汽车技术 | 计算机网络技术 | 大数据技术 | 护理学 | 现代物流管理 | 服装与服饰设计 | 网络空间安全 | 机器人工程 | 临床医学 | 数据科学与大数据技术 | 金融工程 | 新能源科学与工程,1
江西,物理类,605,97.69,6500,211,model,哈尔滨工业大学 | 西安交通大学 | 北京航空航天大学 | 同济大学 | 华中科技大学 | 武汉大学 | 中山大学 | 电子科技大学 | 北京理工大学 | 东南大学,新能源汽车技术 | 计算机网络技术 | 大数据技术 | 护理学 | 现代物流管理 | 服装与服饰设计 | 集成电路设计与集成系统 | 网络空间安全 | 机器人工程 | 人工智能 | 临床医学 | 数据科学与大数据技术,1
江西,历史类,394,4.1,118682,专科,model,,电子商务 | 现代物流管理 | 作物生产与经营管理 | 茶叶生产与加工技术 | 烟草栽培与加工技术 | 饲草生产技术 | 食用菌生产与加工技术 | 现代农业装备应用技术 | 绿色食品生产技术 | 休闲农业经营与管理 | 现代农业经济管理 | 农村新型经济组织管理,0
江西,历史类,432,14.33,106330,专科,model,,电子商务 | 现代物流管理 | 作物生产与经营管理 | 茶叶生产与加工技术 | 烟草栽培与加工技术 | 饲草生产技术 | 食用菌生产与加工技术 | 现代农业装备应用技术 | 绿色食品生产技术 | 休闲农业经营与管理 | 现代农业经济管理 | 农村新型经济组织管理,0
江西,历史类,467,32.76,83879,专科,model,,电子商务 | 现代物流管理 | 作物生产与经营管理 | 茶叶生产与加工技术 | 烟草栽培与加工技术 | 饲草生产技术 | 食用菌生产与加工技术 | 现代农业装备应用技术 | 绿色食品生产技术 | 休闲农业经营与管理 | 现代农业经济管理 | 农村新型经济组织管理,0
江西,历史类,520,71.52,36080,二本,model,北京信息科技大学 | 上海第二工业大学 | 重庆文理学院 | 洛阳理工学院 | 安徽建筑大学 | 浙江科技大学 | 西安邮电大学 | 山东理工大学 | 成都工业学院 | 湖北经济学院,电子商务 | 护理学 | 现代物流管理 | 作物生产与经营管理 | 茶叶生产与加工技术 | 烟草栽培与加工技术 | 饲草生产技术 | 食用菌生产与加工技术 | 现代农业装备应用技术 | 绿色食品生产技术 | 休闲农业经营与管理 | 现代农业经济管理,0
江西,历史类,560,92.69,9243,一本,model,深圳大学 | 南方科技大学 | 西湖大学 | 宁波大学 | 首都师范大学 | 北京邮电大学 | 南京航空航天大学 | 南京理工大学 | 西安电子科技大学 | 北京交通大学,护理学 | 现代物流管理 | 会计学 | 国际税收 | 金融审计 | 国际经济发展合作 | 纪检监察 | 国际法 | 司法鉴定学 | 国家安全学 | 海外利益安全 | 国际组织与全球治理,1
江西,历史类,605,97.63,3006,211,model,哈尔滨工业大学 | 西安交通大学 | 北京航空航天大学 | 同济大学 | 华中科技大学 | 武汉大学 | 中山大学 | 电子科技大学 | 北京理工大学 | 东南大学,护理学 | 现代物流管理 | 服装与服饰设计 | 会计学 | 国际税收 | 金融审计 | 国际经济发展合作 | 纪检监察 | 国际法 | 司法鉴定学 | 国家安全学 | 海外利益安全,1
河北,物理类,424,6.05,414250,专科,model,,新能源汽车技术 | 计算机网络技术 | 大数据技术 | 现代物流管理 | 作物生产与经营管理 | 茶叶生产与加工技术 | 烟草栽培与加工技术 | 饲草生产技术 | 食用菌生产与加工技术 | 现代农业装备应用技术 | 绿色食品生产技术 | 休闲农业经营与管理,0
河北,物理类,462,20.62,351581,专科,model,,新能源汽车技术 | 计算机网络技术 | 大数据技术 | 现代物流管理 | 作物生产与经营管理 | 茶叶生产与加工技术 | 烟草栽培与加工技术 | 饲草生产技术 | 食用菌生产与加工技术 | 现代农业装备应用技术 | 绿色食品生产技术 | 休闲农业经营与管理,0
河北,物理类,479,31.4,304840,专科,model,,新能源汽车技术 | 计算机网络技术 | 大数据技术 | 现代物流管理 | 作物生产与经营管理 | 茶叶生产与加工技术 | 烟草栽培与加工技术 | 饲草生产技术 | 食用菌生产与加工技术 | 现代农业装备应用技术 | 绿色食品生产技术 | 休闲农业经营与管理,0
河北,物理类,514,60.24,178813,专科,model,北京信息科技大学 | 上海第二工业大学 | 重庆文理学院 | 洛阳理工学院 | 安徽建筑大学 | 浙江科技大学 | 西安邮电大学 | 山东理工大学 | 成都工业学院 | 湖北经济学院,新能源汽车技术 | 计算机网络技术 | 大数据技术 | 护理学 | 现代物流管理 | 作物生产与经营管理 | 茶叶生产与加工技术 | 烟草栽培与加工技术 | 饲草生产技术 | 食用菌生产与加工技术 | 现代农业装备应用技术 | 绿色食品生产技术,0
河北,物理类,554,87.82,54664,一本,model,深圳大学 | 南方科技大学 | 西湖大学 | 宁波大学 | 首都师范大学 | 北京邮电大学 | 南京航空航天大学 | 南京理工大学 | 西安电子科技大学 | 北京交通大学,新能源汽车技术 | 计算机网络技术 | 大数据技术 | 护理学 | 现代物流管理 | 服装与服饰设计 | 网络空间安全 | 机器人工程 | 临床医学 | 数据科学与大数据技术 | 金融工程 | 新能源科学与工程,0
河北,物理类,599,95.95,18278,双一流,model,北京邮电大学 | 南京航空航天大学 | 南京理工大学 | 西安电子科技大学 | 北京交通大学 | 合肥工业大学 | 苏州大学 | 郑州大学 | 云南大学 | 新疆大学,新能源汽车技术 | 计算机网络技术 | 大数据技术 | 护理学 | 现代物流管理 | 服装与服饰设计 | 集成电路设计与集成系统 | 网络空间安全 | 机器人工程 | 人工智能 | 临床医学 | 数据科学与大数据技术,1
河北,历史类,424,6.14,186136,专科,model,,电子商务 | 现代物流管理 | 作物生产与经营管理 | 茶叶生产与加工技术 | 烟草栽培与加工技术 | 饲草生产技术 | 食用菌生产与加工技术 | 现代农业装备应用技术 | 绿色食品生产技术 | 休闲农业经营与管理 | 现代农业经济管理 | 农村新型经济组织管理,0
河北,历史类,462,21.29,156848,专科,model,,电子商务 | 现代物流管理 | 作物生产与经营管理 | 茶叶生产与加工技术 | 烟草栽培与加工技术 | 饲草生产技术 | 食用菌生产与加工技术 | 现代农业装备应用技术 | 绿色食品生产技术 | 休闲农业经营与管理 | 现代农业经济管理 | 农村新型经济组织管理,0
河北,历史类,479,32.58,134843,专科,model,,电子商务 | 现代物流管理 | 作物生产与经营管理 | 茶叶生产与加工技术 | 烟草栽培与加工技术 | 饲草生产技术 | 食用菌生产与加工技术 | 现代农业装备应用技术 | 绿色食品生产技术 | 休闲农业经营与管理 | 现代农业经济管理 | 农村新型经济组织管理,0
河北,历史类,514,62.97,75115,专科,model,北京信息科技大学 | 上海第二工业大学 | 重庆文理学院 | 洛阳理工学院 | 安徽建筑大学 | 浙江科技大学 | 西安邮电大学 | 山东理工大学 | 成都工业学院 | 湖北经济学院,电子商务 | 护理学 | 现代物流管理 | 作物生产与经营管理 | 茶叶生产与加工技术 | 烟草栽培与加工技术 | 饲草生产技术 | 食用菌生产与加工技术 | 现代农业装备应用技术 | 绿色食品生产技术 | 休闲农业经营与管理 | 现代农业经济管理,0
河北,历史类,554,87.03,26189,一本,model,深圳大学 | 南方科技大学 | 西湖大学 | 宁波大学 | 首都师范大学 | 北京邮电大学 | 南京航空航天大学 | 南京理工大学 | 西安电子科技大学 | 北京交通大学,护理学 | 现代物流管理 | 会计学 | 国际税收 | 金融审计 | 国际经济发展合作 | 纪检监察 | 国际法 | 司法鉴定学 | 国家安全学 | 海外利益安全 | 国际组织与全球治理,0
河北,历史类,599,95.7,8736,双一流,model,北京邮电大学 | 南京航空航天大学 | 南京理工大学 | 西安电子科技大学 | 北京交通大学 | 合肥工业大学 | 苏州大学 | 郑州大学 | 云南大学 | 新疆大学,护理学 | 现代物流管理 | 会计学 | 国际税收 | 金融审计 | 国际经济发展合作 | 纪检监察 | 国际法 | 司法鉴定学 | 国家安全学 | 海外利益安全 | 国际组织与全球治理,1
河南,物理类,392,4.31,651593,专科,model,,新能源汽车技术 | 计算机网络技术 | 大数据技术 | 现代物流管理 | 作物生产与经营管理 | 茶叶生产与加工技术 | 烟草栽培与加工技术 | 饲草生产技术 | 食用菌生产与加工技术 | 现代农业装备应用技术 | 绿色食品生产技术 | 休闲农业经营与管理,0
河南,物理类,430,14.24,585600,专科,model,,新能源汽车技术 | 计算机网络技术 | 大数据技术 | 现代物流管理 | 作物生产与经营管理 | 茶叶生产与加工技术 | 烟草栽培与加工技术 | 饲草生产技术 | 食用菌生产与加工技术 | 现代农业装备应用技术 | 绿色食品生产技术 | 休闲农业经营与管理,0
河南,物理类,481,41.66,401116,专科,model,,新能源汽车技术 | 计算机网络技术 | 大数据技术 | 现代物流管理 | 作物生产与经营管理 | 茶叶生产与加工技术 | 烟草栽培与加工技术 | 饲草生产技术 | 食用菌生产与加工技术 | 现代农业装备应用技术 | 绿色食品生产技术 | 休闲农业经营与管理,0
河南,物理类,550,85.09,104631,一本,model,深圳大学 | 南方科技大学 | 西湖大学 | 宁波大学 | 首都师范大学 | 首都经济贸易大学 | 浙江工业大学 | 广东工业大学 | 杭州电子科技大学 | 南京工业大学,新能源汽车技术 | 计算机网络技术 | 大数据技术 | 护理学 | 现代物流管理 | 新能源科学与工程 | 自动化 | 电子信息工程 | 统计学 | 电气工程及其自动化 | 国际税收 | 金融审计,0
河南,物理类,590,96.93,21430,211,model,哈尔滨工业大学 | 西安交通大学 | 北京航空航天大学 | 同济大学 | 华中科技大学 | 武汉大学 | 中山大学 | 电子科技大学 | 北京理工大学 | 东南大学,新能源汽车技术 | 计算机网络技术 | 大数据技术 | 护理学 | 现代物流管理 | 服装与服饰设计 | 集成电路设计与集成系统 | 网络空间安全 | 机器人工程 | 人工智能 | 临床医学 | 数据科学与大数据技术,1
河南,物理类,635,98.99,7016,985,model,清华大学 | 北京大学 | 复旦大学 | 上海交通大学 | 浙江大学 | 南京大学 | 中国科学技术大学 | 哈尔滨工业大学 | 西安交通大学 | 北京航空航天大学,新能源汽车技术 | 计算机网络技术 | 大数据技术 | 护理学 | 现代物流管理 | 服装与服饰设计 | 集成电路设计与集成系统 | 网络空间安全 | 机器人工程 | 人工智能 | 临床医学 | 数据科学与大数据技术,1
河南,历史类,392,26.98,406764,专科,eol.cn,,电子商务 | 现代物流管理 | 作物生产与经营管理 | 茶叶生产与加工技术 | 烟草栽培与加工技术 | 饲草生产技术 | 食用菌生产与加工技术 | 现代农业装备应用技术 | 绿色食品生产技术 | 休闲农业经营与管理 | 现代农业经济管理 | 农村新型经济组织管理,0
河南,历史类,430,38.03,345701,专科,eol.cn,,电子商务 | 现代物流管理 | 作物生产与经营管理 | 茶叶生产与加工技术 | 烟草栽培与加工技术 | 饲草生产技术 | 食用菌生产与加工技术 | 现代农业装备应用技术 | 绿色食品生产技术 | 休闲农业经营与管理 | 现代农业经济管理 | 农村新型经济组织管理,0
河南,历史类,481,55.06,251360,专科,eol.cn,北京信息科技大学 | 上海第二工业大学 | 重庆文理学院 | 洛阳理工学院 | 安徽建筑大学 | 浙江科技大学 | 西安邮电大学 | 山东理工大学 | 成都工业学院 | 湖北经济学院,电子商务 | 护理学 | 现代物流管理 | 作物生产与经营管理 | 茶叶生产与加工技术 | 烟草栽培与加工技术 | 饲草生产技术 | 食用菌生产与加工技术 | 现代农业装备应用技术 | 绿色食品生产技术 | 休闲农业经营与管理 | 现代农业经济管理,0
河南,历史类,550,78.11,123211,二本,eol.cn,首都经济贸易大学 | 浙江工业大学 | 广东工业大学 | 杭州电子科技大学 | 南京工业大学 | 燕山大学 | 昆明理工大学 | 长春理工大学 | 重庆邮电大学 | 上海理工大学,电子商务 | 护理学 | 现代物流管理 | 会计学 | 国际税收 | 金融审计 | 国际经济发展合作 | 纪检监察 | 国际法 | 司法鉴定学 | 国家安全学 | 海外利益安全,0
河南,历史类,590,88.99,62396,一本,eol.cn,深圳大学 | 南方科技大学 | 西湖大学 | 宁波大学 | 首都师范大学 | 北京邮电大学 | 南京航空航天大学 | 南京理工大学 | 西安电子科技大学 | 北京交通大学,护理学 | 现代物流管理 | 会计学 | 国际税收 | 金融审计 | 国际经济发展合作 | 纪检监察 | 国际法 | 司法鉴定学 | 国家安全学 | 海外利益安全 | 国际组织与全球治理,0
河南,历史类,635,96.84,18150,211,eol.cn,哈尔滨工业大学 | 西安交通大学 | 北京航空航天大学 | 同济大学 | 华中科技大学 | 武汉大学 | 中山大学 | 电子科技大学 | 北京理工大学 | 东南大学,护理学 | 现代物流管理 | 服装与服饰设计 | 会计学 | 国际税收 | 金融审计 | 国际经济发展合作 | 纪检监察 | 国际法 | 司法鉴定学 | 国家安全学 | 海外利益安全,0
浙江,物理类,455,5.78,184034,专科,model,,新能源汽车技术 | 计算机网络技术 | 大数据技术 | 现代物流管理 | 作物生产与经营管理 | 茶叶生产与加工技术 | 烟草栽培与加工技术 | 饲草生产技术 | 食用菌生产与加工技术 | 现代农业装备应用技术 | 绿色食品生产技术 | 休闲农业经营与管理,0
浙江,物理类,493,20.28,156405,专科,model,,新能源汽车技术 | 计算机网络技术 | 大数据技术 | 现代物流管理 | 作物生产与经营管理 | 茶叶生产与加工技术 | 烟草栽培与加工技术 | 饲草生产技术 | 食用菌生产与加工技术 | 现代农业装备应用技术 | 绿色食品生产技术 | 休闲农业经营与管理,0
浙江,物理类,541,54.12,90911,专科,model,,新能源汽车技术 | 计算机网络技术 | 大数据技术 | 现代物流管理 | 作物生产与经营管理 | 茶叶生产与加工技术 | 烟草栽培与加工技术 | 饲草生产技术 | 食用菌生产与加工技术 | 现代农业装备应用技术 | 绿色食品生产技术 | 休闲农业经营与管理,0
浙江,物理类,607,92.39,15424,一本,model,深圳大学 | 南方科技大学 | 西湖大学 | 宁波大学 | 首都师范大学 | 北京邮电大学 | 南京航空航天大学 | 南京理工大学 | 西安电子科技大学 | 北京交通大学,新能源汽车技术 | 计算机网络技术 | 大数据技术 | 护理学 | 现代物流管理 | 服装与服饰设计 | 网络空间安全 | 机器人工程 | 临床医学 | 数据科学与大数据技术 | 金融工程 | 新能源科学与工程,1
浙江,物理类,647,98.88,2241,985,model,清华大学 | 北京大学 | 复旦大学 | 上海交通大学 | 浙江大学 | 南京大学 | 中国科学技术大学 | 哈尔滨工业大学 | 西安交通大学 | 北京航空航天大学,新能源汽车技术 | 计算机网络技术 | 大数据技术 | 护理学 | 现代物流管理 | 服装与服饰设计 | 集成电路设计与集成系统 | 网络空间安全 | 机器人工程 | 人工智能 | 临床医学 | 数据科学与大数据技术,1
浙江,物理类,692,99.62,764,C9,model,清华大学 | 北京大学 | 复旦大学 | 上海交通大学 | 浙江大学 | 南京大学 | 中国科学技术大学 | 哈尔滨工业大学 | 西安交通大学 | 北京航空航天大学,新能源汽车技术 | 计算机网络技术 | 大数据技术 | 护理学 | 现代物流管理 | 服装与服饰设计 | 集成电路设计与集成系统 | 网络空间安全 | 机器人工程 | 人工智能 | 临床医学 | 数据科学与大数据技术,1
浙江,历史类,455,3.85,84372,专科,model,,电子商务 | 现代物流管理 | 作物生产与经营管理 | 茶叶生产与加工技术 | 烟草栽培与加工技术 | 饲草生产技术 | 食用菌生产与加工技术 | 现代农业装备应用技术 | 绿色食品生产技术 | 休闲农业经营与管理 | 现代农业经济管理 | 农村新型经济组织管理,0
浙江,历史类,493,16.13,73886,专科,model,,电子商务 | 现代物流管理 | 作物生产与经营管理 | 茶叶生产与加工技术 | 烟草栽培与加工技术 | 饲草生产技术 | 食用菌生产与加工技术 | 现代农业装备应用技术 | 绿色食品生产技术 | 休闲农业经营与管理 | 现代农业经济管理 | 农村新型经济组织管理,0
浙江,历史类,541,48.98,45390,专科,model,,电子商务 | 现代物流管理 | 作物生产与经营管理 | 茶叶生产与加工技术 | 烟草栽培与加工技术 | 饲草生产技术 | 食用菌生产与加工技术 | 现代农业装备应用技术 | 绿色食品生产技术 | 休闲农业经营与管理 | 现代农业经济管理 | 农村新型经济组织管理,0
浙江,历史类,607,90.62,8533,一本,model,深圳大学 | 南方科技大学 | 西湖大学 | 宁波大学 | 首都师范大学 | 北京邮电大学 | 南京航空航天大学 | 南京理工大学 | 西安电子科技大学 | 北京交通大学,护理学 | 现代物流管理 | 会计学 | 国际税收 | 金融审计 | 国际经济发展合作 | 纪检监察 | 国际法 | 司法鉴定学 | 国家安全学 | 海外利益安全 | 国际组织与全球治理,1
浙江,历史类,647,98.78,1118,985,model,清华大学 | 北京大学 | 复旦大学 | 上海交通大学 | 浙江大学 | 南京大学 | 中国科学技术大学 | 哈尔滨工业大学 | 西安交通大学 | 北京航空航天大学,护理学 | 现代物流管理 | 服装与服饰设计 | 会计学 | 国际税收 | 金融审计 | 国际经济发展合作 | 纪检监察 | 国际法 | 司法鉴定学 | 国家安全学 | 海外利益安全,1
浙江,历史类,692,99.63,332,C9,model,清华大学 | 北京大学 | 复旦大学 | 上海交通大学 | 浙江大学 | 南京大学 | 中国科学技术大学 | 哈尔滨工业大学 | 西安交通大学 | 北京航空航天大学,护理学 | 现代物流管理 | 服装与服饰设计 | 会计学 | 国际税收 | 金融审计 | 国际经济发展合作 | 纪检监察 | 国际法 | 司法鉴定学 | 国家安全学 | 海外利益安全,1
海南,物理类,445,23.41,51840,专科,eol.cn,,新能源汽车技术 | 计算机网络技术 | 大数据技术 | 现代物流管理 | 作物生产与经营管理 | 茶叶生产与加工技术 | 烟草栽培与加工技术 | 饲草生产技术 | 食用菌生产与加工技术 | 现代农业装备应用技术 | 绿色食品生产技术 | 休闲农业经营与管理,0
海南,物理类,483,36.91,42790,专科,eol.cn,,新能源汽车技术 | 计算机网络技术 | 大数据技术 | 现代物流管理 | 作物生产与经营管理 | 茶叶生产与加工技术 | 烟草栽培与加工技术 | 饲草生产技术 | 食用菌生产与加工技术 | 现代农业装备应用技术 | 绿色食品生产技术 | 休闲农业经营与管理,0
海南,物理类,525,54.32,31074,专科,eol.cn,,新能源汽车技术 | 计算机网络技术 | 大数据技术 | 现代物流管理 | 作物生产与经营管理 | 茶叶生产与加工技术 | 烟草栽培与加工技术 | 饲草生产技术 | 食用菌生产与加工技术 | 现代农业装备应用技术 | 绿色食品生产技术 | 休闲农业经营与管理,0
海南,物理类,586,77.22,15569,二本,eol.cn,首都经济贸易大学 | 浙江工业大学 | 广东工业大学 | 杭州电子科技大学 | 南京工业大学 | 燕山大学 | 昆明理工大学 | 长春理工大学 | 重庆邮电大学 | 上海理工大学,新能源汽车技术 | 计算机网络技术 | 大数据技术 | 护理学 | 现代物流管理 | 新能源科学与工程 | 自动化 | 电子信息工程 | 统计学 | 电气工程及其自动化 | 国际税收 | 金融审计,0
海南,物理类,626,87.73,8409,一本,eol.cn,深圳大学 | 南方科技大学 | 西湖大学 | 宁波大学 | 首都师范大学 | 北京邮电大学 | 南京航空航天大学 | 南京理工大学 | 西安电子科技大学 | 北京交通大学,新能源汽车技术 | 计算机网络技术 | 大数据技术 | 护理学 | 现代物流管理 | 服装与服饰设计 | 网络空间安全 | 机器人工程 | 临床医学 | 数据科学与大数据技术 | 金融工程 | 新能源科学与工程,0
海南,物理类,671,94.8,3578,双一流,eol.cn,北京邮电大学 | 南京航空航天大学 | 南京理工大学 | 西安电子科技大学 | 北京交通大学 | 合肥工业大学 | 苏州大学 | 郑州大学 | 云南大学 | 新疆大学,新能源汽车技术 | 计算机网络技术 | 大数据技术 | 护理学 | 现代物流管理 | 服装与服饰设计 | 集成电路设计与集成系统 | 网络空间安全 | 机器人工程 | 人工智能 | 临床医学 | 数据科学与大数据技术,0
海南,历史类,445,23.41,51840,专科,eol.cn,,电子商务 | 现代物流管理 | 作物生产与经营管理 | 茶叶生产与加工技术 | 烟草栽培与加工技术 | 饲草生产技术 | 食用菌生产与加工技术 | 现代农业装备应用技术 | 绿色食品生产技术 | 休闲农业经营与管理 | 现代农业经济管理 | 农村新型经济组织管理,0
海南,历史类,483,36.91,42790,专科,eol.cn,,电子商务 | 现代物流管理 | 作物生产与经营管理 | 茶叶生产与加工技术 | 烟草栽培与加工技术 | 饲草生产技术 | 食用菌生产与加工技术 | 现代农业装备应用技术 | 绿色食品生产技术 | 休闲农业经营与管理 | 现代农业经济管理 | 农村新型经济组织管理,0
海南,历史类,525,54.32,31074,专科,eol.cn,,电子商务 | 现代物流管理 | 作物生产与经营管理 | 茶叶生产与加工技术 | 烟草栽培与加工技术 | 饲草生产技术 | 食用菌生产与加工技术 | 现代农业装备应用技术 | 绿色食品生产技术 | 休闲农业经营与管理 | 现代农业经济管理 | 农村新型经济组织管理,0
海南,历史类,586,77.22,15569,二本,eol.cn,首都经济贸易大学 | 浙江工业大学 | 广东工业大学 | 杭州电子科技大学 | 南京工业大学 | 燕山大学 | 昆明理工大学 | 长春理工大学 | 重庆邮电大学 | 上海理工大学,电子商务 | 护理学 | 现代物流管理 | 会计学 | 国际税收 | 金融审计 | 国际经济发展合作 | 纪检监察 | 国际法 | 司法鉴定学 | 国家安全学 | 海外利益安全,0
海南,历史类,626,87.73,8409,一本,eol.cn,深圳大学 | 南方科技大学 | 西湖大学 | 宁波大学 | 首都师范大学 | 北京邮电大学 | 南京航空航天大学 | 南京理工大学 | 西安电子科技大学 | 北京交通大学,护理学 | 现代物流管理 | 会计学 | 国际税收 | 金融审计 | 国际经济发展合作 | 纪检监察 | 国际法 | 司法鉴定学 | 国家安全学 | 海外利益安全 | 国际组织与全球治理,0
海南,历史类,671,94.8,3578,双一流,eol.cn,北京邮电大学 | 南京航空航天大学 | 南京理工大学 | 西安电子科技大学 | 北京交通大学 | 合肥工业大学 | 苏州大学 | 郑州大学 | 云南大学 | 新疆大学,护理学 | 现代物流管理 | 会计学 | 国际税收 | 金融审计 | 国际经济发展合作 | 纪检监察 | 国际法 | 司法鉴定学 | 国家安全学 | 海外利益安全 | 国际组织与全球治理,0
湖北,物理类,391,4.49,248569,专科,model,,新能源汽车技术 | 计算机网络技术 | 大数据技术 | 现代物流管理 | 作物生产与经营管理 | 茶叶生产与加工技术 | 烟草栽培与加工技术 | 饲草生产技术 | 食用菌生产与加工技术 | 现代农业装备应用技术 | 绿色食品生产技术 | 休闲农业经营与管理,0
湖北,物理类,429,14.79,222396,专科,model,,新能源汽车技术 | 计算机网络技术 | 大数据技术 | 现代物流管理 | 作物生产与经营管理 | 茶叶生产与加工技术 | 烟草栽培与加工技术 | 饲草生产技术 | 食用菌生产与加工技术 | 现代农业装备应用技术 | 绿色食品生产技术 | 休闲农业经营与管理,0
湖北,物理类,471,37.2,164868,专科,model,,新能源汽车技术 | 计算机网络技术 | 大数据技术 | 现代物流管理 | 作物生产与经营管理 | 茶叶生产与加工技术 | 烟草栽培与加工技术 | 饲草生产技术 | 食用菌生产与加工技术 | 现代农业装备应用技术 | 绿色食品生产技术 | 休闲农业经营与管理,0
湖北,物理类,531,78.53,57352,二本,model,首都经济贸易大学 | 浙江工业大学 | 广东工业大学 | 杭州电子科技大学 | 南京工业大学 | 燕山大学 | 昆明理工大学 | 长春理工大学 | 重庆邮电大学 | 上海理工大学,新能源汽车技术 | 计算机网络技术 | 大数据技术 | 护理学 | 现代物流管理 | 新能源科学与工程 | 自动化 | 电子信息工程 | 统计学 | 电气工程及其自动化 | 国际税收 | 金融审计,0
湖北,物理类,571,94.93,13484,双一流,model,北京邮电大学 | 南京航空航天大学 | 南京理工大学 | 西安电子科技大学 | 北京交通大学 | 合肥工业大学 | 苏州大学 | 郑州大学 | 云南大学 | 新疆大学,新能源汽车技术 | 计算机网络技术 | 大数据技术 | 护理学 | 现代物流管理 | 服装与服饰设计 | 集成电路设计与集成系统 | 网络空间安全 | 机器人工程 | 人工智能 | 临床医学 | 数据科学与大数据技术,1
湖北,物理类,616,98.37,4342,211,model,哈尔滨工业大学 | 西安交通大学 | 北京航空航天大学 | 同济大学 | 华中科技大学 | 武汉大学 | 中山大学 | 电子科技大学 | 北京理工大学 | 东南大学,新能源汽车技术 | 计算机网络技术 | 大数据技术 | 护理学 | 现代物流管理 | 服装与服饰设计 | 集成电路设计与集成系统 | 网络空间安全 | 机器人工程 | 人工智能 | 临床医学 | 数据科学与大数据技术,1
湖北,历史类,391,6.4,109549,专科,model,,电子商务 | 现代物流管理 | 作物生产与经营管理 | 茶叶生产与加工技术 | 烟草栽培与加工技术 | 饲草生产技术 | 食用菌生产与加工技术 | 现代农业装备应用技术 | 绿色食品生产技术 | 休闲农业经营与管理 | 现代农业经济管理 | 农村新型经济组织管理,0
湖北,历史类,429,18.67,95502,专科,model,,电子商务 | 现代物流管理 | 作物生产与经营管理 | 茶叶生产与加工技术 | 烟草栽培与加工技术 | 饲草生产技术 | 食用菌生产与加工技术 | 现代农业装备应用技术 | 绿色食品生产技术 | 休闲农业经营与管理 | 现代农业经济管理 | 农村新型经济组织管理,0
湖北,历史类,471,43.07,67283,专科,model,,电子商务 | 现代物流管理 | 作物生产与经营管理 | 茶叶生产与加工技术 | 烟草栽培与加工技术 | 饲草生产技术 | 食用菌生产与加工技术 | 现代农业装备应用技术 | 绿色食品生产技术 | 休闲农业经营与管理 | 现代农业经济管理 | 农村新型经济组织管理,0
湖北,历史类,531,84.3,19022,二本,model,首都经济贸易大学 | 浙江工业大学 | 广东工业大学 | 杭州电子科技大学 | 南京工业大学 | 燕山大学 | 昆明理工大学 | 长春理工大学 | 重庆邮电大学 | 上海理工大学,电子商务 | 护理学 | 现代物流管理 | 会计学 | 国际税收 | 金融审计 | 国际经济发展合作 | 纪检监察 | 国际法 | 司法鉴定学 | 国家安全学 | 海外利益安全,0
湖北,历史类,571,95.32,5591,双一流,model,北京邮电大学 | 南京航空航天大学 | 南京理工大学 | 西安电子科技大学 | 北京交通大学 | 合肥工业大学 | 苏州大学 | 郑州大学 | 云南大学 | 新疆大学,护理学 | 现代物流管理 | 会计学 | 国际税收 | 金融审计 | 国际经济发展合作 | 纪检监察 | 国际法 | 司法鉴定学 | 国家安全学 | 海外利益安全 | 国际组织与全球治理,1
湖北,历史类,616,98.48,1823,211,model,哈尔滨工业大学 | 西安交通大学 | 北京航空航天大学 | 同济大学 | 华中科技大学 | 武汉大学 | 中山大学 | 电子科技大学 | 北京理工大学 | 东南大学,护理学 | 现代物流管理 | 服装与服饰设计 | 会计学 | 国际税收 | 金融审计 | 国际经济发展合作 | 纪检监察 | 国际法 | 司法鉴定学 | 国家安全学 | 海外利益安全,1
湖南,物理类,370,4.54,348856,专科,model,,新能源汽车技术 | 计算机网络技术 | 大数据技术 | 现代物流管理 | 作物生产与经营管理 | 茶叶生产与加工技术 | 烟草栽培与加工技术 | 饲草生产技术 | 食用菌生产与加工技术 | 现代农业装备应用技术 | 绿色食品生产技术 | 休闲农业经营与管理,0
湖南,物理类,408,14.61,312894,专科,model,,新能源汽车技术 | 计算机网络技术 | 大数据技术 | 现代物流管理 | 作物生产与经营管理 | 茶叶生产与加工技术 | 烟草栽培与加工技术 | 饲草生产技术 | 食用菌生产与加工技术 | 现代农业装备应用技术 | 绿色食品生产技术 | 休闲农业经营与管理,0
湖南,物理类,440,30.42,256046,专科,model,,新能源汽车技术 | 计算机网络技术 | 大数据技术 | 现代物流管理 | 作物生产与经营管理 | 茶叶生产与加工技术 | 烟草栽培与加工技术 | 饲草生产技术 | 食用菌生产与加工技术 | 现代农业装备应用技术 | 绿色食品生产技术 | 休闲农业经营与管理,0
湖南,物理类,491,66.68,124296,二本,model,北京信息科技大学 | 上海第二工业大学 | 重庆文理学院 | 洛阳理工学院 | 安徽建筑大学 | 浙江科技大学 | 西安邮电大学 | 山东理工大学 | 成都工业学院 | 湖北经济学院,新能源汽车技术 | 计算机网络技术 | 大数据技术 | 护理学 | 现代物流管理 | 作物生产与经营管理 | 茶叶生产与加工技术 | 烟草栽培与加工技术 | 饲草生产技术 | 食用菌生产与加工技术 | 现代农业装备应用技术 | 绿色食品生产技术,0
湖南,物理类,531,89.26,39926,一本,model,深圳大学 | 南方科技大学 | 西湖大学 | 宁波大学 | 首都师范大学 | 北京邮电大学 | 南京航空航天大学 | 南京理工大学 | 西安电子科技大学 | 北京交通大学,新能源汽车技术 | 计算机网络技术 | 大数据技术 | 护理学 | 现代物流管理 | 服装与服饰设计 | 网络空间安全 | 机器人工程 | 临床医学 | 数据科学与大数据技术 | 金融工程 | 新能源科学与工程,0
湖南,物理类,576,95.95,15128,双一流,model,北京邮电大学 | 南京航空航天大学 | 南京理工大学 | 西安电子科技大学 | 北京交通大学 | 合肥工业大学 | 苏州大学 | 郑州大学 | 云南大学 | 新疆大学,新能源汽车技术 | 计算机网络技术 | 大数据技术 | 护理学 | 现代物流管理 | 服装与服饰设计 | 集成电路设计与集成系统 | 网络空间安全 | 机器人工程 | 人工智能 | 临床医学 | 数据科学与大数据技术,1
湖南,历史类,370,22.79,248087,专科,eol.cn,,电子商务 | 现代物流管理 | 作物生产与经营管理 | 茶叶生产与加工技术 | 烟草栽培与加工技术 | 饲草生产技术 | 食用菌生产与加工技术 | 现代农业装备应用技术 | 绿色食品生产技术 | 休闲农业经营与管理 | 现代农业经济管理 | 农村新型经济组织管理,0
湖南,历史类,408,34.75,210085,专科,eol.cn,,电子商务 | 现代物流管理 | 作物生产与经营管理 | 茶叶生产与加工技术 | 烟草栽培与加工技术 | 饲草生产技术 | 食用菌生产与加工技术 | 现代农业装备应用技术 | 绿色食品生产技术 | 休闲农业经营与管理 | 现代农业经济管理 | 农村新型经济组织管理,0
湖南,历史类,440,47.19,170430,专科,eol.cn,,电子商务 | 现代物流管理 | 作物生产与经营管理 | 茶叶生产与加工技术 | 烟草栽培与加工技术 | 饲草生产技术 | 食用菌生产与加工技术 | 现代农业装备应用技术 | 绿色食品生产技术 | 休闲农业经营与管理 | 现代农业经济管理 | 农村新型经济组织管理,0
湖南,历史类,491,67.67,104706,二本,eol.cn,北京信息科技大学 | 上海第二工业大学 | 重庆文理学院 | 洛阳理工学院 | 安徽建筑大学 | 浙江科技大学 | 西安邮电大学 | 山东理工大学 | 成都工业学院 | 湖北经济学院,电子商务 | 护理学 | 现代物流管理 | 作物生产与经营管理 | 茶叶生产与加工技术 | 烟草栽培与加工技术 | 饲草生产技术 | 食用菌生产与加工技术 | 现代农业装备应用技术 | 绿色食品生产技术 | 休闲农业经营与管理 | 现代农业经济管理,0
湖南,历史类,531,80.6,62974,二本,eol.cn,首都经济贸易大学 | 浙江工业大学 | 广东工业大学 | 杭州电子科技大学 | 南京工业大学 | 燕山大学 | 昆明理工大学 | 长春理工大学 | 重庆邮电大学 | 上海理工大学,电子商务 | 护理学 | 现代物流管理 | 会计学 | 国际税收 | 金融审计 | 国际经济发展合作 | 纪检监察 | 国际法 | 司法鉴定学 | 国家安全学 | 海外利益安全,0
湖南,历史类,576,90.84,29924,一本,eol.cn,深圳大学 | 南方科技大学 | 西湖大学 | 宁波大学 | 首都师范大学 | 北京邮电大学 | 南京航空航天大学 | 南京理工大学 | 西安电子科技大学 | 北京交通大学,护理学 | 现代物流管理 | 会计学 | 国际税收 | 金融审计 | 国际经济发展合作 | 纪检监察 | 国际法 | 司法鉴定学 | 国家安全学 | 海外利益安全 | 国际组织与全球治理,0
甘肃,物理类,339,3.76,125046,专科,model,,新能源汽车技术 | 计算机网络技术 | 大数据技术 | 现代物流管理 | 作物生产与经营管理 | 茶叶生产与加工技术 | 烟草栽培与加工技术 | 饲草生产技术 | 食用菌生产与加工技术 | 现代农业装备应用技术 | 绿色食品生产技术 | 休闲农业经营与管理,0
甘肃,物理类,377,11.78,114872,专科,model,,新能源汽车技术 | 计算机网络技术 | 大数据技术 | 现代物流管理 | 作物生产与经营管理 | 茶叶生产与加工技术 | 烟草栽培与加工技术 | 饲草生产技术 | 食用菌生产与加工技术 | 现代农业装备应用技术 | 绿色食品生产技术 | 休闲农业经营与管理,0
甘肃,物理类,424,32.24,88659,专科,model,,新能源汽车技术 | 计算机网络技术 | 大数据技术 | 现代物流管理 | 作物生产与经营管理 | 茶叶生产与加工技术 | 烟草栽培与加工技术 | 饲草生产技术 | 食用菌生产与加工技术 | 现代农业装备应用技术 | 绿色食品生产技术 | 休闲农业经营与管理,0
甘肃,物理类,490,74.52,33877,二本,model,北京信息科技大学 | 上海第二工业大学 | 重庆文理学院 | 洛阳理工学院 | 安徽建筑大学 | 浙江科技大学 | 西安邮电大学 | 山东理工大学 | 成都工业学院 | 湖北经济学院,新能源汽车技术 | 计算机网络技术 | 大数据技术 | 护理学 | 现代物流管理 | 作物生产与经营管理 | 茶叶生产与加工技术 | 烟草栽培与加工技术 | 饲草生产技术 | 食用菌生产与加工技术 | 现代农业装备应用技术 | 绿色食品生产技术,0
甘肃,物理类,530,92.32,10156,一本,model,深圳大学 | 南方科技大学 | 西湖大学 | 宁波大学 | 首都师范大学 | 北京邮电大学 | 南京航空航天大学 | 南京理工大学 | 西安电子科技大学 | 北京交通大学,新能源汽车技术 | 计算机网络技术 | 大数据技术 | 护理学 | 现代物流管理 | 服装与服饰设计 | 网络空间安全 | 机器人工程 | 临床医学 | 数据科学与大数据技术 | 金融工程 | 新能源科学与工程,1
甘肃,物理类,575,97.09,3863,211,model,哈尔滨工业大学 | 西安交通大学 | 北京航空航天大学 | 同济大学 | 华中科技大学 | 武汉大学 | 中山大学 | 电子科技大学 | 北京理工大学 | 东南大学,新能源汽车技术 | 计算机网络技术 | 大数据技术 | 护理学 | 现代物流管理 | 服装与服饰设计 | 集成电路设计与集成系统 | 网络空间安全 | 机器人工程 | 人工智能 | 临床医学 | 数据科学与大数据技术,1
甘肃,历史类,339,11.68,107546,专科,eol.cn,,电子商务 | 现代物流管理 | 作物生产与经营管理 | 茶叶生产与加工技术 | 烟草栽培与加工技术 | 饲草生产技术 | 食用菌生产与加工技术 | 现代农业装备应用技术 | 绿色食品生产技术 | 休闲农业经营与管理 | 现代农业经济管理 | 农村新型经济组织管理,0
甘肃,历史类,377,23.4,93488,专科,eol.cn,,电子商务 | 现代物流管理 | 作物生产与经营管理 | 茶叶生产与加工技术 | 烟草栽培与加工技术 | 饲草生产技术 | 食用菌生产与加工技术 | 现代农业装备应用技术 | 绿色食品生产技术 | 休闲农业经营与管理 | 现代农业经济管理 | 农村新型经济组织管理,0
甘肃,历史类,424,43.81,68803,专科,eol.cn,,电子商务 | 现代物流管理 | 作物生产与经营管理 | 茶叶生产与加工技术 | 烟草栽培与加工技术 | 饲草生产技术 | 食用菌生产与加工技术 | 现代农业装备应用技术 | 绿色食品生产技术 | 休闲农业经营与管理 | 现代农业经济管理 | 农村新型经济组织管理,0
甘肃,历史类,490,72.1,34323,二本,eol.cn,北京信息科技大学 | 上海第二工业大学 | 重庆文理学院 | 洛阳理工学院 | 安徽建筑大学 | 浙江科技大学 | 西安邮电大学 | 山东理工大学 | 成都工业学院 | 湖北经济学院,电子商务 | 护理学 | 现代物流管理 | 作物生产与经营管理 | 茶叶生产与加工技术 | 烟草栽培与加工技术 | 饲草生产技术 | 食用菌生产与加工技术 | 现代农业装备应用技术 | 绿色食品生产技术 | 休闲农业经营与管理 | 现代农业经济管理,0
甘肃,历史类,530,84.69,18915,二本,eol.cn,首都经济贸易大学 | 浙江工业大学 | 广东工业大学 | 杭州电子科技大学 | 南京工业大学 | 燕山大学 | 昆明理工大学 | 长春理工大学 | 重庆邮电大学 | 上海理工大学,电子商务 | 护理学 | 现代物流管理 | 会计学 | 国际税收 | 金融审计 | 国际经济发展合作 | 纪检监察 | 国际法 | 司法鉴定学 | 国家安全学 | 海外利益安全,0
甘肃,历史类,575,93.91,7583,双一流,eol.cn,北京邮电大学 | 南京航空航天大学 | 南京理工大学 | 西安电子科技大学 | 北京交通大学 | 合肥工业大学 | 苏州大学 | 郑州大学 | 云南大学 | 新疆大学,护理学 | 现代物流管理 | 会计学 | 国际税收 | 金融审计 | 国际经济发展合作 | 纪检监察 | 国际法 | 司法鉴定学 | 国家安全学 | 海外利益安全 | 国际组织与全球治理,0
福建,物理类,406,40.4,36146,专科,eol.cn,,新能源汽车技术 | 计算机网络技术 | 大数据技术 | 现代物流管理 | 作物生产与经营管理 | 茶叶生产与加工技术 | 烟草栽培与加工技术 | 饲草生产技术 | 食用菌生产与加工技术 | 现代农业装备应用技术 | 绿色食品生产技术 | 休闲农业经营与管理,0
福建,物理类,444,55.08,27292,专科,eol.cn,北京信息科技大学 | 上海第二工业大学 | 重庆文理学院 | 洛阳理工学院 | 安徽建筑大学 | 浙江科技大学 | 西安邮电大学 | 山东理工大学 | 成都工业学院 | 湖北经济学院,新能源汽车技术 | 计算机网络技术 | 大数据技术 | 护理学 | 现代物流管理 | 作物生产与经营管理 | 茶叶生产与加工技术 | 烟草栽培与加工技术 | 饲草生产技术 | 食用菌生产与加工技术 | 现代农业装备应用技术 | 绿色食品生产技术,0
福建,物理类,480,68.35,19280,二本,eol.cn,北京信息科技大学 | 上海第二工业大学 | 重庆文理学院 | 洛阳理工学院 | 安徽建筑大学 | 浙江科技大学 | 西安邮电大学 | 山东理工大学 | 成都工业学院 | 湖北经济学院,新能源汽车技术 | 计算机网络技术 | 大数据技术 | 护理学 | 现代物流管理 | 作物生产与经营管理 | 茶叶生产与加工技术 | 烟草栽培与加工技术 | 饲草生产技术 | 食用菌生产与加工技术 | 现代农业装备应用技术 | 绿色食品生产技术,0
福建,物理类,535,84.89,9251,二本,eol.cn,首都经济贸易大学 | 浙江工业大学 | 广东工业大学 | 杭州电子科技大学 | 南京工业大学 | 燕山大学 | 昆明理工大学 | 长春理工大学 | 重庆邮电大学 | 上海理工大学,新能源汽车技术 | 计算机网络技术 | 大数据技术 | 护理学 | 现代物流管理 | 新能源科学与工程 | 自动化 | 电子信息工程 | 统计学 | 电气工程及其自动化 | 国际税收 | 金融审计,0
福建,物理类,575,93.15,4230,双一流,eol.cn,北京邮电大学 | 南京航空航天大学 | 南京理工大学 | 西安电子科技大学 | 北京交通大学 | 合肥工业大学 | 苏州大学 | 郑州大学 | 云南大学 | 新疆大学,新能源汽车技术 | 计算机网络技术 | 大数据技术 | 护理学 | 现代物流管理 | 服装与服饰设计 | 集成电路设计与集成系统 | 网络空间安全 | 机器人工程 | 人工智能 | 临床医学 | 数据科学与大数据技术,0
福建,物理类,620,98.55,913,985,eol.cn,清华大学 | 北京大学 | 复旦大学 | 上海交通大学 | 浙江大学 | 南京大学 | 中国科学技术大学 | 哈尔滨工业大学 | 西安交通大学 | 北京航空航天大学,新能源汽车技术 | 计算机网络技术 | 大数据技术 | 护理学 | 现代物流管理 | 服装与服饰设计 | 集成电路设计与集成系统 | 网络空间安全 | 机器人工程 | 人工智能 | 临床医学 | 数据科学与大数据技术,0
福建,历史类,406,7.51,49892,专科,model,,电子商务 | 现代物流管理 | 作物生产与经营管理 | 茶叶生产与加工技术 | 烟草栽培与加工技术 | 饲草生产技术 | 食用菌生产与加工技术 | 现代农业装备应用技术 | 绿色食品生产技术 | 休闲农业经营与管理 | 现代农业经济管理 | 农村新型经济组织管理,0
福建,历史类,444,21.3,42612,专科,model,,电子商务 | 现代物流管理 | 作物生产与经营管理 | 茶叶生产与加工技术 | 烟草栽培与加工技术 | 饲草生产技术 | 食用菌生产与加工技术 | 现代农业装备应用技术 | 绿色食品生产技术 | 休闲农业经营与管理 | 现代农业经济管理 | 农村新型经济组织管理,0
福建,历史类,480,43.11,30983,专科,model,,电子商务 | 现代物流管理 | 作物生产与经营管理 | 茶叶生产与加工技术 | 烟草栽培与加工技术 | 饲草生产技术 | 食用菌生产与加工技术 | 现代农业装备应用技术 | 绿色食品生产技术 | 休闲农业经营与管理 | 现代农业经济管理 | 农村新型经济组织管理,0
福建,历史类,535,81.07,10508,二本,model,首都经济贸易大学 | 浙江工业大学 | 广东工业大学 | 杭州电子科技大学 | 南京工业大学 | 燕山大学 | 昆明理工大学 | 长春理工大学 | 重庆邮电大学 | 上海理工大学,电子商务 | 护理学 | 现代物流管理 | 会计学 | 国际税收 | 金融审计 | 国际经济发展合作 | 纪检监察 | 国际法 | 司法鉴定学 | 国家安全学 | 海外利益安全,0
福建,历史类,575,95.41,2532,双一流,model,北京邮电大学 | 南京航空航天大学 | 南京理工大学 | 西安电子科技大学 | 北京交通大学 | 合肥工业大学 | 苏州大学 | 郑州大学 | 云南大学 | 新疆大学,护理学 | 现代物流管理 | 会计学 | 国际税收 | 金融审计 | 国际经济发展合作 | 纪检监察 | 国际法 | 司法鉴定学 | 国家安全学 | 海外利益安全 | 国际组织与全球治理,1
福建,历史类,620,98.57,790,985,model,清华大学 | 北京大学 | 复旦大学 | 上海交通大学 | 浙江大学 | 南京大学 | 中国科学技术大学 | 哈尔滨工业大学 | 西安交通大学 | 北京航空航天大学,护理学 | 现代物流管理 | 服装与服饰设计 | 会计学 | 国际税收 | 金融审计 | 国际经济发展合作 | 纪检监察 | 国际法 | 司法鉴定学 | 国家安全学 | 海外利益安全,1
西藏,物理类,265,3.05,28857,专科,model,,新能源汽车技术 | 计算机网络技术 | 大数据技术 | 现代物流管理 | 作物生产与经营管理 | 茶叶生产与加工技术 | 烟草栽培与加工技术 | 饲草生产技术 | 食用菌生产与加工技术 | 现代农业装备应用技术 | 绿色食品生产技术 | 休闲农业经营与管理,0
西藏,物理类,303,9.43,26997,专科,model,,新能源汽车技术 | 计算机网络技术 | 大数据技术 | 现代物流管理 | 作物生产与经营管理 | 茶叶生产与加工技术 | 烟草栽培与加工技术 | 饲草生产技术 | 食用菌生产与加工技术 | 现代农业装备应用技术 | 绿色食品生产技术 | 休闲农业经营与管理,0
西藏,物理类,350,25.64,22244,专科,model,,新能源汽车技术 | 计算机网络技术 | 大数据技术 | 现代物流管理 | 作物生产与经营管理 | 茶叶生产与加工技术 | 烟草栽培与加工技术 | 饲草生产技术 | 食用菌生产与加工技术 | 现代农业装备应用技术 | 绿色食品生产技术 | 休闲农业经营与管理,0
西藏,物理类,415,63.62,11013,专科,model,北京信息科技大学 | 上海第二工业大学 | 重庆文理学院 | 洛阳理工学院 | 安徽建筑大学 | 浙江科技大学 | 西安邮电大学 | 山东理工大学 | 成都工业学院 | 湖北经济学院,新能源汽车技术 | 计算机网络技术 | 大数据技术 | 护理学 | 现代物流管理 | 作物生产与经营管理 | 茶叶生产与加工技术 | 烟草栽培与加工技术 | 饲草生产技术 | 食用菌生产与加工技术 | 现代农业装备应用技术 | 绿色食品生产技术,0
西藏,物理类,455,84.42,4694,二本,model,首都经济贸易大学 | 浙江工业大学 | 广东工业大学 | 杭州电子科技大学 | 南京工业大学 | 燕山大学 | 昆明理工大学 | 长春理工大学 | 重庆邮电大学 | 上海理工大学,新能源汽车技术 | 计算机网络技术 | 大数据技术 | 护理学 | 现代物流管理 | 新能源科学与工程 | 自动化 | 电子信息工程 | 统计学 | 电气工程及其自动化 | 国际税收 | 金融审计,0
西藏,物理类,500,92.28,2336,一本,model,深圳大学 | 南方科技大学 | 西湖大学 | 宁波大学 | 首都师范大学 | 北京邮电大学 | 南京航空航天大学 | 南京理工大学 | 西安电子科技大学 | 北京交通大学,新能源汽车技术 | 计算机网络技术 | 大数据技术 | 护理学 | 现代物流管理 | 服装与服饰设计 | 网络空间安全 | 机器人工程 | 临床医学 | 数据科学与大数据技术 | 金融工程 | 新能源科学与工程,1
西藏,历史类,265,2.88,12943,专科,model,,电子商务 | 现代物流管理 | 作物生产与经营管理 | 茶叶生产与加工技术 | 烟草栽培与加工技术 | 饲草生产技术 | 食用菌生产与加工技术 | 现代农业装备应用技术 | 绿色食品生产技术 | 休闲农业经营与管理 | 现代农业经济管理 | 农村新型经济组织管理,0
西藏,历史类,303,9.18,12122,专科,model,,电子商务 | 现代物流管理 | 作物生产与经营管理 | 茶叶生产与加工技术 | 烟草栽培与加工技术 | 饲草生产技术 | 食用菌生产与加工技术 | 现代农业装备应用技术 | 绿色食品生产技术 | 休闲农业经营与管理 | 现代农业经济管理 | 农村新型经济组织管理,0
西藏,历史类,350,25.21,10016,专科,model,,电子商务 | 现代物流管理 | 作物生产与经营管理 | 茶叶生产与加工技术 | 烟草栽培与加工技术 | 饲草生产技术 | 食用菌生产与加工技术 | 现代农业装备应用技术 | 绿色食品生产技术 | 休闲农业经营与管理 | 现代农业经济管理 | 农村新型经济组织管理,0
西藏,历史类,415,62.98,5016,专科,model,北京信息科技大学 | 上海第二工业大学 | 重庆文理学院 | 洛阳理工学院 | 安徽建筑大学 | 浙江科技大学 | 西安邮电大学 | 山东理工大学 | 成都工业学院 | 湖北经济学院,电子商务 | 护理学 | 现代物流管理 | 作物生产与经营管理 | 茶叶生产与加工技术 | 烟草栽培与加工技术 | 饲草生产技术 | 食用菌生产与加工技术 | 现代农业装备应用技术 | 绿色食品生产技术 | 休闲农业经营与管理 | 现代农业经济管理,0
西藏,历史类,455,84.49,2093,二本,model,首都经济贸易大学 | 浙江工业大学 | 广东工业大学 | 杭州电子科技大学 | 南京工业大学 | 燕山大学 | 昆明理工大学 | 长春理工大学 | 重庆邮电大学 | 上海理工大学,电子商务 | 护理学 | 现代物流管理 | 会计学 | 国际税收 | 金融审计 | 国际经济发展合作 | 纪检监察 | 国际法 | 司法鉴定学 | 国家安全学 | 海外利益安全,0
西藏,历史类,500,92.24,1051,一本,model,深圳大学 | 南方科技大学 | 西湖大学 | 宁波大学 | 首都师范大学 | 北京邮电大学 | 南京航空航天大学 | 南京理工大学 | 西安电子科技大学 | 北京交通大学,护理学 | 现代物流管理 | 会计学 | 国际税收 | 金融审计 | 国际经济发展合作 | 纪检监察 | 国际法 | 司法鉴定学 | 国家安全学 | 海外利益安全 | 国际组织与全球治理,1
贵州,物理类,352,3.94,163337,专科,model,,新能源汽车技术 | 计算机网络技术 | 大数据技术 | 现代物流管理 | 作物生产与经营管理 | 茶叶生产与加工技术 | 烟草栽培与加工技术 | 饲草生产技术 | 食用菌生产与加工技术 | 现代农业装备应用技术 | 绿色食品生产技术 | 休闲农业经营与管理,0
贵州,物理类,390,12.5,149116,专科,model,,新能源汽车技术 | 计算机网络技术 | 大数据技术 | 现代物流管理 | 作物生产与经营管理 | 茶叶生产与加工技术 | 烟草栽培与加工技术 | 饲草生产技术 | 食用菌生产与加工技术 | 现代农业装备应用技术 | 绿色食品生产技术 | 休闲农业经营与管理,0
贵州,物理类,435,33.12,114545,专科,model,,新能源汽车技术 | 计算机网络技术 | 大数据技术 | 现代物流管理 | 作物生产与经营管理 | 茶叶生产与加工技术 | 烟草栽培与加工技术 | 饲草生产技术 | 食用菌生产与加工技术 | 现代农业装备应用技术 | 绿色食品生产技术 | 休闲农业经营与管理,0
贵州,物理类,498,74.57,44265,二本,model,北京信息科技大学 | 上海第二工业大学 | 重庆文理学院 | 洛阳理工学院 | 安徽建筑大学 | 浙江科技大学 | 西安邮电大学 | 山东理工大学 | 成都工业学院 | 湖北经济学院,新能源汽车技术 | 计算机网络技术 | 大数据技术 | 护理学 | 现代物流管理 | 作物生产与经营管理 | 茶叶生产与加工技术 | 烟草栽培与加工技术 | 饲草生产技术 | 食用菌生产与加工技术 | 现代农业装备应用技术 | 绿色食品生产技术,0
贵州,物理类,538,92.61,12801,一本,model,深圳大学 | 南方科技大学 | 西湖大学 | 宁波大学 | 首都师范大学 | 北京邮电大学 | 南京航空航天大学 | 南京理工大学 | 西安电子科技大学 | 北京交通大学,新能源汽车技术 | 计算机网络技术 | 大数据技术 | 护理学 | 现代物流管理 | 服装与服饰设计 | 网络空间安全 | 机器人工程 | 临床医学 | 数据科学与大数据技术 | 金融工程 | 新能源科学与工程,1
贵州,物理类,583,97.28,4722,211,model,哈尔滨工业大学 | 西安交通大学 | 北京航空航天大学 | 同济大学 | 华中科技大学 | 武汉大学 | 中山大学 | 电子科技大学 | 北京理工大学 | 东南大学,新能源汽车技术 | 计算机网络技术 | 大数据技术 | 护理学 | 现代物流管理 | 服装与服饰设计 | 集成电路设计与集成系统 | 网络空间安全 | 机器人工程 | 人工智能 | 临床医学 | 数据科学与大数据技术,1
贵州,历史类,352,5.11,72515,专科,model,,电子商务 | 现代物流管理 | 作物生产与经营管理 | 茶叶生产与加工技术 | 烟草栽培与加工技术 | 饲草生产技术 | 食用菌生产与加工技术 | 现代农业装备应用技术 | 绿色食品生产技术 | 休闲农业经营与管理 | 现代农业经济管理 | 农村新型经济组织管理,0
贵州,历史类,390,14.69,65353,专科,model,,电子商务 | 现代物流管理 | 作物生产与经营管理 | 茶叶生产与加工技术 | 烟草栽培与加工技术 | 饲草生产技术 | 食用菌生产与加工技术 | 现代农业装备应用技术 | 绿色食品生产技术 | 休闲农业经营与管理 | 现代农业经济管理 | 农村新型经济组织管理,0
贵州,历史类,435,36.16,49151,专科,model,,电子商务 | 现代物流管理 | 作物生产与经营管理 | 茶叶生产与加工技术 | 烟草栽培与加工技术 | 饲草生产技术 | 食用菌生产与加工技术 | 现代农业装备应用技术 | 绿色食品生产技术 | 休闲农业经营与管理 | 现代农业经济管理 | 农村新型经济组织管理,0
贵州,历史类,498,76.2,18609,二本,model,首都经济贸易大学 | 浙江工业大学 | 广东工业大学 | 杭州电子科技大学 | 南京工业大学 | 燕山大学 | 昆明理工大学 | 长春理工大学 | 重庆邮电大学 | 上海理工大学,电子商务 | 护理学 | 现代物流管理 | 会计学 | 国际税收 | 金融审计 | 国际经济发展合作 | 纪检监察 | 国际法 | 司法鉴定学 | 国家安全学 | 海外利益安全,0
贵州,历史类,538,93.38,5157,双一流,model,北京邮电大学 | 南京航空航天大学 | 南京理工大学 | 西安电子科技大学 | 北京交通大学 | 合肥工业大学 | 苏州大学 | 郑州大学 | 云南大学 | 新疆大学,护理学 | 现代物流管理 | 会计学 | 国际税收 | 金融审计 | 国际经济发展合作 | 纪检监察 | 国际法 | 司法鉴定学 | 国家安全学 | 海外利益安全 | 国际组织与全球治理,1
贵州,历史类,583,97.56,1900,211,model,哈尔滨工业大学 | 西安交通大学 | 北京航空航天大学 | 同济大学 | 华中科技大学 | 武汉大学 | 中山大学 | 电子科技大学 | 北京理工大学 | 东南大学,护理学 | 现代物流管理 | 服装与服饰设计 | 会计学 | 国际税收 | 金融审计 | 国际经济发展合作 | 纪检监察 | 国际法 | 司法鉴定学 | 国家安全学 | 海外利益安全,1
辽宁,物理类,332,17.58,46559,专科,eol.cn,,新能源汽车技术 | 计算机网络技术 | 大数据技术 | 现代物流管理 | 作物生产与经营管理 | 茶叶生产与加工技术 | 烟草栽培与加工技术 | 饲草生产技术 | 食用菌生产与加工技术 | 现代农业装备应用技术 | 绿色食品生产技术 | 休闲农业经营与管理,0
辽宁,物理类,370,28.55,40426,专科,eol.cn,,新能源汽车技术 | 计算机网络技术 | 大数据技术 | 现代物流管理 | 作物生产与经营管理 | 茶叶生产与加工技术 | 烟草栽培与加工技术 | 饲草生产技术 | 食用菌生产与加工技术 | 现代农业装备应用技术 | 绿色食品生产技术 | 休闲农业经营与管理,0
辽宁,物理类,441,53.09,26622,专科,eol.cn,,新能源汽车技术 | 计算机网络技术 | 大数据技术 | 现代物流管理 | 作物生产与经营管理 | 茶叶生产与加工技术 | 烟草栽培与加工技术 | 饲草生产技术 | 食用菌生产与加工技术 | 现代农业装备应用技术 | 绿色食品生产技术 | 休闲农业经营与管理,0
辽宁,物理类,530,81.76,10432,二本,eol.cn,首都经济贸易大学 | 浙江工业大学 | 广东工业大学 | 杭州电子科技大学 | 南京工业大学 | 燕山大学 | 昆明理工大学 | 长春理工大学 | 重庆邮电大学 | 上海理工大学,新能源汽车技术 | 计算机网络技术 | 大数据技术 | 护理学 | 现代物流管理 | 新能源科学与工程 | 自动化 | 电子信息工程 | 统计学 | 电气工程及其自动化 | 国际税收 | 金融审计,0
辽宁,物理类,570,91.23,5047,一本,eol.cn,深圳大学 | 南方科技大学 | 西湖大学 | 宁波大学 | 首都师范大学 | 北京邮电大学 | 南京航空航天大学 | 南京理工大学 | 西安电子科技大学 | 北京交通大学,新能源汽车技术 | 计算机网络技术 | 大数据技术 | 护理学 | 现代物流管理 | 服装与服饰设计 | 网络空间安全 | 机器人工程 | 临床医学 | 数据科学与大数据技术 | 金融工程 | 新能源科学与工程,0
辽宁,物理类,615,97.61,1400,211,eol.cn,哈尔滨工业大学 | 西安交通大学 | 北京航空航天大学 | 同济大学 | 华中科技大学 | 武汉大学 | 中山大学 | 电子科技大学 | 北京理工大学 | 东南大学,新能源汽车技术 | 计算机网络技术 | 大数据技术 | 护理学 | 现代物流管理 | 服装与服饰设计 | 集成电路设计与集成系统 | 网络空间安全 | 机器人工程 | 人工智能 | 临床医学 | 数据科学与大数据技术,0
辽宁,历史类,332,4.75,41660,专科,model,,电子商务 | 现代物流管理 | 作物生产与经营管理 | 茶叶生产与加工技术 | 烟草栽培与加工技术 | 饲草生产技术 | 食用菌生产与加工技术 | 现代农业装备应用技术 | 绿色食品生产技术 | 休闲农业经营与管理 | 现代农业经济管理 | 农村新型经济组织管理,0
辽宁,历史类,370,13.03,38114,专科,model,,电子商务 | 现代物流管理 | 作物生产与经营管理 | 茶叶生产与加工技术 | 烟草栽培与加工技术 | 饲草生产技术 | 食用菌生产与加工技术 | 现代农业装备应用技术 | 绿色食品生产技术 | 休闲农业经营与管理 | 现代农业经济管理 | 农村新型经济组织管理,0
辽宁,历史类,441,45.3,24136,专科,model,,电子商务 | 现代物流管理 | 作物生产与经营管理 | 茶叶生产与加工技术 | 烟草栽培与加工技术 | 饲草生产技术 | 食用菌生产与加工技术 | 现代农业装备应用技术 | 绿色食品生产技术 | 休闲农业经营与管理 | 现代农业经济管理 | 农村新型经济组织管理,0
辽宁,历史类,530,89.36,4790,一本,model,深圳大学 | 南方科技大学 | 西湖大学 | 宁波大学 | 首都师范大学 | 北京邮电大学 | 南京航空航天大学 | 南京理工大学 | 西安电子科技大学 | 北京交通大学,护理学 | 现代物流管理 | 会计学 | 国际税收 | 金融审计 | 国际经济发展合作 | 纪检监察 | 国际法 | 司法鉴定学 | 国家安全学 | 海外利益安全 | 国际组织与全球治理,0
辽宁,历史类,570,97.58,1080,211,model,哈尔滨工业大学 | 西安交通大学 | 北京航空航天大学 | 同济大学 | 华中科技大学 | 武汉大学 | 中山大学 | 电子科技大学 | 北京理工大学 | 东南大学,护理学 | 现代物流管理 | 服装与服饰设计 | 会计学 | 国际税收 | 金融审计 | 国际经济发展合作 | 纪检监察 | 国际法 | 司法鉴定学 | 国家安全学 | 海外利益安全,1
辽宁,历史类,615,99.09,403,985,model,清华大学 | 北京大学 | 复旦大学 | 上海交通大学 | 浙江大学 | 南京大学 | 中国科学技术大学 | 哈尔滨工业大学 | 西安交通大学 | 北京航空航天大学,护理学 | 现代物流管理 | 服装与服饰设计 | 会计学 | 国际税收 | 金融审计 | 国际经济发展合作 | 纪检监察 | 国际法 | 司法鉴定学 | 国家安全学 | 海外利益安全,1
重庆,物理类,390,4.72,152526,专科,model,,新能源汽车技术 | 计算机网络技术 | 大数据技术 | 现代物流管理 | 作物生产与经营管理 | 茶叶生产与加工技术 | 烟草栽培与加工技术 | 饲草生产技术 | 食用菌生产与加工技术 | 现代农业装备应用技术 | 绿色食品生产技术 | 休闲农业经营与管理,0
重庆,物理类,428,15.57,135578,专科,model,,新能源汽车技术 | 计算机网络技术 | 大数据技术 | 现代物流管理 | 作物生产与经营管理 | 茶叶生产与加工技术 | 烟草栽培与加工技术 | 饲草生产技术 | 食用菌生产与加工技术 | 现代农业装备应用技术 | 绿色食品生产技术 | 休闲农业经营与管理,0
重庆,物理类,461,33.14,107866,专科,model,,新能源汽车技术 | 计算机网络技术 | 大数据技术 | 现代物流管理 | 作物生产与经营管理 | 茶叶生产与加工技术 | 烟草栽培与加工技术 | 饲草生产技术 | 食用菌生产与加工技术 | 现代农业装备应用技术 | 绿色食品生产技术 | 休闲农业经营与管理,0
重庆,物理类,513,71.08,47378,二本,model,北京信息科技大学 | 上海第二工业大学 | 重庆文理学院 | 洛阳理工学院 | 安徽建筑大学 | 浙江科技大学 | 西安邮电大学 | 山东理工大学 | 成都工业学院 | 湖北经济学院,新能源汽车技术 | 计算机网络技术 | 大数据技术 | 护理学 | 现代物流管理 | 作物生产与经营管理 | 茶叶生产与加工技术 | 烟草栽培与加工技术 | 饲草生产技术 | 食用菌生产与加工技术 | 现代农业装备应用技术 | 绿色食品生产技术,0
重庆,物理类,553,92.0,13058,一本,model,深圳大学 | 南方科技大学 | 西湖大学 | 宁波大学 | 首都师范大学 | 北京邮电大学 | 南京航空航天大学 | 南京理工大学 | 西安电子科技大学 | 北京交通大学,新能源汽车技术 | 计算机网络技术 | 大数据技术 | 护理学 | 现代物流管理 | 服装与服饰设计 | 网络空间安全 | 机器人工程 | 临床医学 | 数据科学与大数据技术 | 金融工程 | 新能源科学与工程,1
重庆,物理类,598,97.31,4417,211,model,哈尔滨工业大学 | 西安交通大学 | 北京航空航天大学 | 同济大学 | 华中科技大学 | 武汉大学 | 中山大学 | 电子科技大学 | 北京理工大学 | 东南大学,新能源汽车技术 | 计算机网络技术 | 大数据技术 | 护理学 | 现代物流管理 | 服装与服饰设计 | 集成电路设计与集成系统 | 网络空间安全 | 机器人工程 | 人工智能 | 临床医学 | 数据科学与大数据技术,1
重庆,历史类,390,16.43,116874,专科,eol.cn,,电子商务 | 现代物流管理 | 作物生产与经营管理 | 茶叶生产与加工技术 | 烟草栽培与加工技术 | 饲草生产技术 | 食用菌生产与加工技术 | 现代农业装备应用技术 | 绿色食品生产技术 | 休闲农业经营与管理 | 现代农业经济管理 | 农村新型经济组织管理,0
重庆,历史类,428,26.62,102789,专科,eol.cn,,电子商务 | 现代物流管理 | 作物生产与经营管理 | 茶叶生产与加工技术 | 烟草栽培与加工技术 | 饲草生产技术 | 食用菌生产与加工技术 | 现代农业装备应用技术 | 绿色食品生产技术 | 休闲农业经营与管理 | 现代农业经济管理 | 农村新型经济组织管理,0
重庆,历史类,461,38.16,86785,专科,eol.cn,,电子商务 | 现代物流管理 | 作物生产与经营管理 | 茶叶生产与加工技术 | 烟草栽培与加工技术 | 饲草生产技术 | 食用菌生产与加工技术 | 现代农业装备应用技术 | 绿色食品生产技术 | 休闲农业经营与管理 | 现代农业经济管理 | 农村新型经济组织管理,0
重庆,历史类,513,60.41,55853,专科,eol.cn,北京信息科技大学 | 上海第二工业大学 | 重庆文理学院 | 洛阳理工学院 | 安徽建筑大学 | 浙江科技大学 | 西安邮电大学 | 山东理工大学 | 成都工业学院 | 湖北经济学院,电子商务 | 护理学 | 现代物流管理 | 作物生产与经营管理 | 茶叶生产与加工技术 | 烟草栽培与加工技术 | 饲草生产技术 | 食用菌生产与加工技术 | 现代农业装备应用技术 | 绿色食品生产技术 | 休闲农业经营与管理 | 现代农业经济管理,0
重庆,历史类,553,77.08,32483,二本,eol.cn,首都经济贸易大学 | 浙江工业大学 | 广东工业大学 | 杭州电子科技大学 | 南京工业大学 | 燕山大学 | 昆明理工大学 | 长春理工大学 | 重庆邮电大学 | 上海理工大学,电子商务 | 护理学 | 现代物流管理 | 会计学 | 国际税收 | 金融审计 | 国际经济发展合作 | 纪检监察 | 国际法 | 司法鉴定学 | 国家安全学 | 海外利益安全,0
重庆,历史类,598,90.61,13421,一本,eol.cn,深圳大学 | 南方科技大学 | 西湖大学 | 宁波大学 | 首都师范大学 | 北京邮电大学 | 南京航空航天大学 | 南京理工大学 | 西安电子科技大学 | 北京交通大学,护理学 | 现代物流管理 | 会计学 | 国际税收 | 金融审计 | 国际经济发展合作 | 纪检监察 | 国际法 | 司法鉴定学 | 国家安全学 | 海外利益安全 | 国际组织与全球治理,0
陕西,物理类,359,23.77,57883,专科,eol.cn,,新能源汽车技术 | 计算机网络技术 | 大数据技术 | 现代物流管理 | 作物生产与经营管理 | 茶叶生产与加工技术 | 烟草栽培与加工技术 | 饲草生产技术 | 食用菌生产与加工技术 | 现代农业装备应用技术 | 绿色食品生产技术 | 休闲农业经营与管理,0
陕西,物理类,397,36.65,48210,专科,eol.cn,,新能源汽车技术 | 计算机网络技术 | 大数据技术 | 现代物流管理 | 作物生产与经营管理 | 茶叶生产与加工技术 | 烟草栽培与加工技术 | 饲草生产技术 | 食用菌生产与加工技术 | 现代农业装备应用技术 | 绿色食品生产技术 | 休闲农业经营与管理,0
陕西,物理类,433,50.97,37398,专科,eol.cn,,新能源汽车技术 | 计算机网络技术 | 大数据技术 | 现代物流管理 | 作物生产与经营管理 | 茶叶生产与加工技术 | 烟草栽培与加工技术 | 饲草生产技术 | 食用菌生产与加工技术 | 现代农业装备应用技术 | 绿色食品生产技术 | 休闲农业经营与管理,0
陕西,物理类,488,72.41,21132,二本,eol.cn,北京信息科技大学 | 上海第二工业大学 | 重庆文理学院 | 洛阳理工学院 | 安徽建筑大学 | 浙江科技大学 | 西安邮电大学 | 山东理工大学 | 成都工业学院 | 湖北经济学院,新能源汽车技术 | 计算机网络技术 | 大数据技术 | 护理学 | 现代物流管理 | 作物生产与经营管理 | 茶叶生产与加工技术 | 烟草栽培与加工技术 | 饲草生产技术 | 食用菌生产与加工技术 | 现代农业装备应用技术 | 绿色食品生产技术,0
陕西,物理类,528,84.56,11874,二本,eol.cn,首都经济贸易大学 | 浙江工业大学 | 广东工业大学 | 杭州电子科技大学 | 南京工业大学 | 燕山大学 | 昆明理工大学 | 长春理工大学 | 重庆邮电大学 | 上海理工大学,新能源汽车技术 | 计算机网络技术 | 大数据技术 | 护理学 | 现代物流管理 | 新能源科学与工程 | 自动化 | 电子信息工程 | 统计学 | 电气工程及其自动化 | 国际税收 | 金融审计,0
陕西,物理类,573,93.67,4904,双一流,eol.cn,北京邮电大学 | 南京航空航天大学 | 南京理工大学 | 西安电子科技大学 | 北京交通大学 | 合肥工业大学 | 苏州大学 | 郑州大学 | 云南大学 | 新疆大学,新能源汽车技术 | 计算机网络技术 | 大数据技术 | 护理学 | 现代物流管理 | 服装与服饰设计 | 集成电路设计与集成系统 | 网络空间安全 | 机器人工程 | 人工智能 | 临床医学 | 数据科学与大数据技术,0
陕西,历史类,359,6.58,73520,专科,model,,电子商务 | 现代物流管理 | 作物生产与经营管理 | 茶叶生产与加工技术 | 烟草栽培与加工技术 | 饲草生产技术 | 食用菌生产与加工技术 | 现代农业装备应用技术 | 绿色食品生产技术 | 休闲农业经营与管理 | 现代农业经济管理 | 农村新型经济组织管理,0
陕西,历史类,397,17.84,64840,专科,model,,电子商务 | 现代物流管理 | 作物生产与经营管理 | 茶叶生产与加工技术 | 烟草栽培与加工技术 | 饲草生产技术 | 食用菌生产与加工技术 | 现代农业装备应用技术 | 绿色食品生产技术 | 休闲农业经营与管理 | 现代农业经济管理 | 农村新型经济组织管理,0
陕西,历史类,433,36.22,50567,专科,model,,电子商务 | 现代物流管理 | 作物生产与经营管理 | 茶叶生产与加工技术 | 烟草栽培与加工技术 | 饲草生产技术 | 食用菌生产与加工技术 | 现代农业装备应用技术 | 绿色食品生产技术 | 休闲农业经营与管理 | 现代农业经济管理 | 农村新型经济组织管理,0
陕西,历史类,488,72.85,21838,二本,model,北京信息科技大学 | 上海第二工业大学 | 重庆文理学院 | 洛阳理工学院 | 安徽建筑大学 | 浙江科技大学 | 西安邮电大学 | 山东理工大学 | 成都工业学院 | 湖北经济学院,电子商务 | 护理学 | 现代物流管理 | 作物生产与经营管理 | 茶叶生产与加工技术 | 烟草栽培与加工技术 | 饲草生产技术 | 食用菌生产与加工技术 | 现代农业装备应用技术 | 绿色食品生产技术 | 休闲农业经营与管理 | 现代农业经济管理,0
陕西,历史类,528,91.52,6787,一本,model,深圳大学 | 南方科技大学 | 西湖大学 | 宁波大学 | 首都师范大学 | 北京邮电大学 | 南京航空航天大学 | 南京理工大学 | 西安电子科技大学 | 北京交通大学,护理学 | 现代物流管理 | 会计学 | 国际税收 | 金融审计 | 国际经济发展合作 | 纪检监察 | 国际法 | 司法鉴定学 | 国家安全学 | 海外利益安全 | 国际组织与全球治理,1
陕西,历史类,573,96.78,2590,211,model,哈尔滨工业大学 | 西安交通大学 | 北京航空航天大学 | 同济大学 | 华中科技大学 | 武汉大学 | 中山大学 | 电子科技大学 | 北京理工大学 | 东南大学,护理学 | 现代物流管理 | 服装与服饰设计 | 会计学 | 国际税收 | 金融审计 | 国际经济发展合作 | 纪检监察 | 国际法 | 司法鉴定学 | 国家安全学 | 海外利益安全,1
青海,物理类,315,3.94,28619,专科,model,,新能源汽车技术 | 计算机网络技术 | 大数据技术 | 现代物流管理 | 作物生产与经营管理 | 茶叶生产与加工技术 | 烟草栽培与加工技术 | 饲草生产技术 | 食用菌生产与加工技术 | 现代农业装备应用技术 | 绿色食品生产技术 | 休闲农业经营与管理,0
青海,物理类,353,12.37,26164,专科,model,,新能源汽车技术 | 计算机网络技术 | 大数据技术 | 现代物流管理 | 作物生产与经营管理 | 茶叶生产与加工技术 | 烟草栽培与加工技术 | 饲草生产技术 | 食用菌生产与加工技术 | 现代农业装备应用技术 | 绿色食品生产技术 | 休闲农业经营与管理,0
青海,物理类,385,25.61,22283,专科,model,,新能源汽车技术 | 计算机网络技术 | 大数据技术 | 现代物流管理 | 作物生产与经营管理 | 茶叶生产与加工技术 | 烟草栽培与加工技术 | 饲草生产技术 | 食用菌生产与加工技术 | 现代农业装备应用技术 | 绿色食品生产技术 | 休闲农业经营与管理,0
青海,物理类,435,57.74,12793,专科,model,北京信息科技大学 | 上海第二工业大学 | 重庆文理学院 | 洛阳理工学院 | 安徽建筑大学 | 浙江科技大学 | 西安邮电大学 | 山东理工大学 | 成都工业学院 | 湖北经济学院,新能源汽车技术 | 计算机网络技术 | 大数据技术 | 护理学 | 现代物流管理 | 作物生产与经营管理 | 茶叶生产与加工技术 | 烟草栽培与加工技术 | 饲草生产技术 | 食用菌生产与加工技术 | 现代农业装备应用技术 | 绿色食品生产技术,0
青海,物理类,475,81.87,5466,二本,model,首都经济贸易大学 | 浙江工业大学 | 广东工业大学 | 杭州电子科技大学 | 南京工业大学 | 燕山大学 | 昆明理工大学 | 长春理工大学 | 重庆邮电大学 | 上海理工大学,新能源汽车技术 | 计算机网络技术 | 大数据技术 | 护理学 | 现代物流管理 | 新能源科学与工程 | 自动化 | 电子信息工程 | 统计学 | 电气工程及其自动化 | 国际税收 | 金融审计,0
青海,物理类,520,91.39,2611,一本,model,深圳大学 | 南方科技大学 | 西湖大学 | 宁波大学 | 首都师范大学 | 北京邮电大学 | 南京航空航天大学 | 南京理工大学 | 西安电子科技大学 | 北京交通大学,新能源汽车技术 | 计算机网络技术 | 大数据技术 | 护理学 | 现代物流管理 | 服装与服饰设计 | 网络空间安全 | 机器人工程 | 临床医学 | 数据科学与大数据技术 | 金融工程 | 新能源科学与工程,1
青海,历史类,315,17.98,25096,专科,eol.cn,,电子商务 | 现代物流管理 | 作物生产与经营管理 | 茶叶生产与加工技术 | 烟草栽培与加工技术 | 饲草生产技术 | 食用菌生产与加工技术 | 现代农业装备应用技术 | 绿色食品生产技术 | 休闲农业经营与管理 | 现代农业经济管理 | 农村新型经济组织管理,0
青海,历史类,353,34.58,20072,专科,eol.cn,,电子商务 | 现代物流管理 | 作物生产与经营管理 | 茶叶生产与加工技术 | 烟草栽培与加工技术 | 饲草生产技术 | 食用菌生产与加工技术 | 现代农业装备应用技术 | 绿色食品生产技术 | 休闲农业经营与管理 | 现代农业经济管理 | 农村新型经济组织管理,0
青海,历史类,385,49.75,15445,专科,eol.cn,,电子商务 | 现代物流管理 | 作物生产与经营管理 | 茶叶生产与加工技术 | 烟草栽培与加工技术 | 饲草生产技术 | 食用菌生产与加工技术 | 现代农业装备应用技术 | 绿色食品生产技术 | 休闲农业经营与管理 | 现代农业经济管理 | 农村新型经济组织管理,0
青海,历史类,435,70.72,9029,二本,eol.cn,北京信息科技大学 | 上海第二工业大学 | 重庆文理学院 | 洛阳理工学院 | 安徽建筑大学 | 浙江科技大学 | 西安邮电大学 | 山东理工大学 | 成都工业学院 | 湖北经济学院,电子商务 | 护理学 | 现代物流管理 | 作物生产与经营管理 | 茶叶生产与加工技术 | 烟草栽培与加工技术 | 饲草生产技术 | 食用菌生产与加工技术 | 现代农业装备应用技术 | 绿色食品生产技术 | 休闲农业经营与管理 | 现代农业经济管理,0
青海,历史类,475,82.78,5320,二本,eol.cn,首都经济贸易大学 | 浙江工业大学 | 广东工业大学 | 杭州电子科技大学 | 南京工业大学 | 燕山大学 | 昆明理工大学 | 长春理工大学 | 重庆邮电大学 | 上海理工大学,电子商务 | 护理学 | 现代物流管理 | 会计学 | 国际税收 | 金融审计 | 国际经济发展合作 | 纪检监察 | 国际法 | 司法鉴定学 | 国家安全学 | 海外利益安全,0
青海,历史类,520,91.92,2506,一本,eol.cn,深圳大学 | 南方科技大学 | 西湖大学 | 宁波大学 | 首都师范大学 | 北京邮电大学 | 南京航空航天大学 | 南京理工大学 | 西安电子科技大学 | 北京交通大学,护理学 | 现代物流管理 | 会计学 | 国际税收 | 金融审计 | 国际经济发展合作 | 纪检监察 | 国际法 | 司法鉴定学 | 国家安全学 | 海外利益安全 | 国际组织与全球治理,0
黑龙江,物理类,325,28.33,39410,专科,eol.cn,,新能源汽车技术 | 计算机网络技术 | 大数据技术 | 现代物流管理 | 作物生产与经营管理 | 茶叶生产与加工技术 | 烟草栽培与加工技术 | 饲草生产技术 | 食用菌生产与加工技术 | 现代农业装备应用技术 | 绿色食品生产技术 | 休闲农业经营与管理,0
黑龙江,物理类,363,42.45,31685,专科,eol.cn,,新能源汽车技术 | 计算机网络技术 | 大数据技术 | 现代物流管理 | 作物生产与经营管理 | 茶叶生产与加工技术 | 烟草栽培与加工技术 | 饲草生产技术 | 食用菌生产与加工技术 | 现代农业装备应用技术 | 绿色食品生产技术 | 休闲农业经营与管理,0
黑龙江,物理类,416,61.4,21300,专科,eol.cn,北京信息科技大学 | 上海第二工业大学 | 重庆文理学院 | 洛阳理工学院 | 安徽建筑大学 | 浙江科技大学 | 西安邮电大学 | 山东理工大学 | 成都工业学院 | 湖北经济学院,新能源汽车技术 | 计算机网络技术 | 大数据技术 | 护理学 | 现代物流管理 | 作物生产与经营管理 | 茶叶生产与加工技术 | 烟草栽培与加工技术 | 饲草生产技术 | 食用菌生产与加工技术 | 现代农业装备应用技术 | 绿色食品生产技术,0
黑龙江,物理类,487,81.86,10055,二本,eol.cn,首都经济贸易大学 | 浙江工业大学 | 广东工业大学 | 杭州电子科技大学 | 南京工业大学 | 燕山大学 | 昆明理工大学 | 长春理工大学 | 重庆邮电大学 | 上海理工大学,新能源汽车技术 | 计算机网络技术 | 大数据技术 | 护理学 | 现代物流管理 | 新能源科学与工程 | 自动化 | 电子信息工程 | 统计学 | 电气工程及其自动化 | 国际税收 | 金融审计,0
黑龙江,物理类,527,90.05,5534,一本,eol.cn,深圳大学 | 南方科技大学 | 西湖大学 | 宁波大学 | 首都师范大学 | 北京邮电大学 | 南京航空航天大学 | 南京理工大学 | 西安电子科技大学 | 北京交通大学,新能源汽车技术 | 计算机网络技术 | 大数据技术 | 护理学 | 现代物流管理 | 服装与服饰设计 | 网络空间安全 | 机器人工程 | 临床医学 | 数据科学与大数据技术 | 金融工程 | 新能源科学与工程,0
黑龙江,物理类,572,96.05,2215,211,eol.cn,哈尔滨工业大学 | 西安交通大学 | 北京航空航天大学 | 同济大学 | 华中科技大学 | 武汉大学 | 中山大学 | 电子科技大学 | 北京理工大学 | 东南大学,新能源汽车技术 | 计算机网络技术 | 大数据技术 | 护理学 | 现代物流管理 | 服装与服饰设计 | 集成电路设计与集成系统 | 网络空间安全 | 机器人工程 | 人工智能 | 临床医学 | 数据科学与大数据技术,0
黑龙江,历史类,325,3.67,41017,专科,model,,电子商务 | 现代物流管理 | 作物生产与经营管理 | 茶叶生产与加工技术 | 烟草栽培与加工技术 | 饲草生产技术 | 食用菌生产与加工技术 | 现代农业装备应用技术 | 绿色食品生产技术 | 休闲农业经营与管理 | 现代农业经济管理 | 农村新型经济组织管理,0
黑龙江,历史类,363,11.15,37903,专科,model,,电子商务 | 现代物流管理 | 作物生产与经营管理 | 茶叶生产与加工技术 | 烟草栽培与加工技术 | 饲草生产技术 | 食用菌生产与加工技术 | 现代农业装备应用技术 | 绿色食品生产技术 | 休闲农业经营与管理 | 现代农业经济管理 | 农村新型经济组织管理,0
黑龙江,历史类,416,33.11,28676,专科,model,,电子商务 | 现代物流管理 | 作物生产与经营管理 | 茶叶生产与加工技术 | 烟草栽培与加工技术 | 饲草生产技术 | 食用菌生产与加工技术 | 现代农业装备应用技术 | 绿色食品生产技术 | 休闲农业经营与管理 | 现代农业经济管理 | 农村新型经济组织管理,0
黑龙江,历史类,487,75.94,10476,二本,model,首都经济贸易大学 | 浙江工业大学 | 广东工业大学 | 杭州电子科技大学 | 南京工业大学 | 燕山大学 | 昆明理工大学 | 长春理工大学 | 重庆邮电大学 | 上海理工大学,电子商务 | 护理学 | 现代物流管理 | 会计学 | 国际税收 | 金融审计 | 国际经济发展合作 | 纪检监察 | 国际法 | 司法鉴定学 | 国家安全学 | 海外利益安全,0
黑龙江,历史类,527,93.24,2940,双一流,model,北京邮电大学 | 南京航空航天大学 | 南京理工大学 | 西安电子科技大学 | 北京交通大学 | 合肥工业大学 | 苏州大学 | 郑州大学 | 云南大学 | 新疆大学,护理学 | 现代物流管理 | 会计学 | 国际税收 | 金融审计 | 国际经济发展合作 | 纪检监察 | 国际法 | 司法鉴定学 | 国家安全学 | 海外利益安全 | 国际组织与全球治理,1
黑龙江,历史类,572,97.46,1106,211,model,哈尔滨工业大学 | 西安交通大学 | 北京航空航天大学 | 同济大学 | 华中科技大学 | 武汉大学 | 中山大学 | 电子科技大学 | 北京理工大学 | 东南大学,护理学 | 现代物流管理 | 服装与服饰设计 | 会计学 | 国际税收 | 金融审计 | 国际经济发展合作 | 纪检监察 | 国际法 | 司法鉴定学 | 国家安全学 | 海外利益安全,1
